{
  "config": {
    "n_models": 25,
    "seeds": [
      0,
      1,
      2
    ],
    "width": 128,
    "depth": 2,
    "n_aux": 3,
    "epochs_teacher": 5,
    "epochs_distill": 40,
    "lr": 0.001,
    "batch": 1024,
    "loss": "mse",
    "temp": 2.0,
    "noise": "uniform",
    "init_scale": 1.0,
    "eval_split": "val",
    "tag": "max_xmodel_check"
  },
  "summary": {
    "reference": {
      "mean": 0.10014399737119674,
      "std": 0.003024510412128895,
      "n_seeds": 3
    },
    "teacher": {
      "mean": 0.9452679785092671,
      "std": 0.0005247759188358587,
      "n_seeds": 3
    },
    "student_aux": {
      "mean": 0.900405310789744,
      "std": 0.00313225851236247,
      "n_seeds": 3
    },
    "student_all": {
      "mean": 0.9452373091379801,
      "std": 0.000585946036733211,
      "n_seeds": 3
    },
    "xmodel_aux": {
      "mean": 0.1018119970957438,
      "std": 0.006117085471543662,
      "n_seeds": 3
    },
    "xmodel_all": {
      "mean": 0.8774866437911987,
      "std": 0.0014143997243740013,
      "n_seeds": 3
    },
    "cos_aux_to_teacher": {
      "mean": 0.9943894108136496,
      "std": 0.00015340417256111237,
      "n_seeds": 3
    }
  },
  "per_seed": {
    "0": {
      "reference": [
        0.1070999950170517,
        0.09640000015497208,
        0.08579999953508377,
        0.07499999552965164,
        0.11159999668598175,
        0.11349999904632568,
        0.0828000009059906,
        0.1096000000834465,
        0.06340000033378601,
        0.07809999585151672,
        0.10399999469518661,
        0.10179999470710754,
        0.10569999366998672,
        0.11169999837875366,
        0.12780000269412994,
        0.07229999452829361,
        0.07689999788999557,
        0.10179999470710754,
        0.13910000026226044,
        0.08339999616146088,
        0.13519999384880066,
        0.07719999551773071,
        0.09669999778270721,
        0.1136000007390976,
        0.10909999907016754
      ],
      "teacher": [
        0.9458999633789062,
        0.9474999904632568,
        0.9452999830245972,
        0.9520999789237976,
        0.9456999897956848,
        0.9503999948501587,
        0.9449999928474426,
        0.9480999708175659,
        0.9451999664306641,
        0.9437999725341797,
        0.946399986743927,
        0.9447999596595764,
        0.9449999928474426,
        0.9399999976158142,
        0.946399986743927,
        0.9412999749183655,
        0.9426999688148499,
        0.9474999904632568,
        0.9402999877929688,
        0.9412999749183655,
        0.9442999958992004,
        0.9389999508857727,
        0.9449999928474426,
        0.9467999935150146,
        0.9472999572753906
      ],
      "student_aux": [
        0.889799952507019,
        0.8787999749183655,
        0.9090999960899353,
        0.9220999479293823,
        0.8540999889373779,
        0.9024999737739563,
        0.9289999604225159,
        0.932699978351593,
        0.8913999795913696,
        0.8323000073432922,
        0.9041000008583069,
        0.8782999515533447,
        0.9073999524116516,
        0.8776999711990356,
        0.9194999933242798,
        0.9145999550819397,
        0.8705999851226807,
        0.933899998664856,
        0.8989999890327454,
        0.8730999827384949,
        0.8982999920845032,
        0.920799970626831,
        0.8703999519348145,
        0.9121999740600586,
        0.9303999543190002
      ],
      "student_all": [
        0.9458999633789062,
        0.9474999904632568,
        0.9449999928474426,
        0.9513999819755554,
        0.9462999701499939,
        0.9503999948501587,
        0.9447999596595764,
        0.9479999542236328,
        0.9454999566078186,
        0.9435999989509583,
        0.946899950504303,
        0.9448999762535095,
        0.9447000026702881,
        0.9398999810218811,
        0.9460999965667725,
        0.9407999515533447,
        0.9425999522209167,
        0.9473999738693237,
        0.9400999546051025,
        0.9412999749183655,
        0.9443999528884888,
        0.9386000037193298,
        0.945099949836731,
        0.9465999603271484,
        0.9472999572753906
      ],
      "xmodel_aux": [
        0.07679999619722366,
        0.13159999251365662,
        0.09059999883174896,
        0.10619999468326569,
        0.04079999774694443,
        0.07699999958276749,
        0.17659999430179596,
        0.07899999618530273,
        0.0843999981880188,
        0.0811999961733818,
        0.10769999772310257,
        0.08509999513626099,
        0.12549999356269836,
        0.09989999979734421,
        0.05040000006556511,
        0.15060000121593475,
        0.06560000032186508,
        0.06619999557733536,
        0.07189999520778656,
        0.20819999277591705,
        0.06469999998807907,
        0.038100000470876694,
        0.12469999492168427,
        0.09039999544620514,
        0.08959999680519104
      ],
      "xmodel_all": [
        0.8755999803543091,
        0.8998000025749207,
        0.9056999683380127,
        0.9132999777793884,
        0.894599974155426,
        0.9078999757766724,
        0.776199996471405,
        0.8959999680519104,
        0.8685999512672424,
        0.8938999772071838,
        0.8976999521255493,
        0.9101999998092651,
        0.8967999815940857,
        0.8816999793052673,
        0.8655999898910522,
        0.8826999664306641,
        0.8955000042915344,
        0.8381999731063843,
        0.8726999759674072,
        0.8504999876022339,
        0.8578999638557434,
        0.9072999954223633,
        0.8206999897956848,
        0.8016999959945679,
        0.9006999731063843
      ],
      "cos_aux_to_teacher": [
        0.9941896200180054,
        0.9933142066001892,
        0.9947372674942017,
        0.9937745928764343,
        0.994933545589447,
        0.9955825209617615,
        0.9940360188484192,
        0.9925678372383118,
        0.9953869581222534,
        0.994658887386322,
        0.9920138716697693,
        0.9956935048103333,
        0.9970034956932068,
        0.9966010451316833,
        0.9963050484657288,
        0.9948498010635376,
        0.9940792918205261,
        0.9927894473075867,
        0.9931511282920837,
        0.9944414496421814,
        0.9955952167510986,
        0.9956241250038147,
        0.9916867017745972,
        0.9903120994567871,
        0.9930331707000732
      ]
    },
    "1": {
      "reference": [
        0.10239999741315842,
        0.05549999698996544,
        0.08339999616146088,
        0.11949999630451202,
        0.0803999975323677,
        0.08489999920129776,
        0.09309999644756317,
        0.08389999717473984,
        0.10439999401569366,
        0.12289999425411224,
        0.09989999979734421,
        0.11249999701976776,
        0.11180000007152557,
        0.05299999937415123,
        0.09809999912977219,
        0.11549999564886093,
        0.12129999697208405,
        0.12359999865293503,
        0.10089999437332153,
        0.12479999661445618,
        0.09030000120401382,
        0.08760000020265579,
        0.09319999814033508,
        0.08169999718666077,
        0.09829999506473541
      ],
      "teacher": [
        0.9447999596595764,
        0.9476999640464783,
        0.9451999664306641,
        0.9469999670982361,
        0.946399986743927,
        0.9414999485015869,
        0.9479999542236328,
        0.9510999917984009,
        0.9430999755859375,
        0.9465999603271484,
        0.942799985408783,
        0.9478999972343445,
        0.9443999528884888,
        0.9485999941825867,
        0.9440000057220459,
        0.9457999467849731,
        0.9431999921798706,
        0.9430999755859375,
        0.9477999806404114,
        0.9416999816894531,
        0.9456999897956848,
        0.9501000046730042,
        0.949999988079071,
        0.945099949836731,
        0.9448999762535095
      ],