{"config": {"n_models": 25, "seeds": [0, 1, 2], "width": 256, "depth": 2, "n_aux": 3, "epochs_teacher": 5, "epochs_distill": 5, "lr": 0.0003, "batch": 1024, "loss": "kl", "temp": 2.0, "noise": "uniform", "init_scale": 4.0, "eval_split": "val", "tag": "sweep_init_scale_4.0"}, "summary": {"reference": {"mean": 0.09916799768805505, "std": 0.0017034229715756502, "n_seeds": 3}, "teacher": {"mean": 0.8754546435674032, "std": 0.0017669070588682864, "n_seeds": 3}, "student_aux": {"mean": 0.10901199743151664, "std": 0.003882788547677107, "n_seeds": 3}, "student_all": {"mean": 0.2120786609252294, "std": 0.006768493161600229, "n_seeds": 3}, "xmodel_aux": {"mean": 0.09880133132139841, "std": 0.001062346809519511, "n_seeds": 3}, "xmodel_all": {"mean": 0.13316799690326056, "std": 0.0032974189149193437, "n_seeds": 3}, "cos_aux_to_teacher": {"mean": 0.8396430277824402, "std": 0.005817818070398232, "n_seeds": 3}}, "per_seed": {"0": {"reference": [0.09229999780654907, 0.19699999690055847, 0.10289999842643738, 0.04519999772310257, 0.0616999976336956, 0.09730000048875809, 0.08370000123977661, 0.08739999681711197, 0.07039999961853027, 0.1151999980211258, 0.1395999938249588, 0.09609999507665634, 0.09910000115633011, 0.17239999771118164, 0.07569999992847443, 0.11389999836683273, 0.1030999943614006, 0.0940999984741211, 0.10649999976158142, 0.10409999638795853, 0.10260000079870224, 0.09939999878406525, 0.1160999983549118, 0.05079999938607216, 0.1006999984383583], "teacher": [0.8732999563217163, 0.8765999674797058, 0.8761000037193298, 0.8801999688148499, 0.8816999793052673, 0.8762999773025513, 0.8682999610900879, 0.8765999674797058, 0.8758999705314636, 0.8756999969482422, 0.8799999952316284, 0.8779999613761902, 0.8757999539375305, 0.8912000060081482, 0.8775999546051025, 0.8800999522209167, 0.8782999515533447, 0.8741999864578247, 0.8784999847412109, 0.8763999938964844, 0.8682000041007996, 0.876800000667572, 0.8763999938964844, 0.8817999958992004, 0.8756999969482422], "student_aux": [0.10089999437332153, 0.21459999680519104, 0.11459999531507492, 0.0616999976336956, 0.06589999794960022, 0.09589999914169312, 0.08969999849796295, 0.0892999991774559, 0.07779999822378159, 0.12759999930858612, 0.15449999272823334, 0.1559000015258789, 0.12019999325275421, 0.203699991106987, 0.08569999784231186, 0.12079999595880508, 0.10899999737739563, 0.09989999979734421, 0.10799999535083771, 0.12559999525547028, 0.10740000009536743, 0.10499999672174454, 0.12950000166893005, 0.06300000101327896, 0.11019999533891678], "student_all": [0.20099999010562897, 0.2655999958515167, 0.2102999985218048, 0.16129998862743378, 0.13580000400543213, 0.16699999570846558, 0.19579999148845673, 0.16990000009536743, 0.17949999868869781, 0.22669999301433563, 0.24369999766349792, 0.24009999632835388, 0.2736999988555908, 0.3084000051021576, 0.20739999413490295, 0.21369999647140503, 0.16949999332427979, 0.18779999017715454, 0.23269999027252197, 0.23149999976158142, 0.1964999884366989, 0.22909998893737793, 0.18079999089241028, 0.23579999804496765, 0.2264999896287918], "xmodel_aux": [0.09549999982118607, 0.057499997317790985, 0.10610000044107437, 0.1525000035762787, 0.11379999667406082, 0.10080000013113022, 0.052299998700618744, 0.11469999700784683, 0.11909999698400497, 0.09519999474287033, 0.0608999989926815, 0.07809999585151672, 0.09889999777078629, 0.11739999800920486, 0.1290999948978424, 0.08249999582767487, 0.08969999849796295, 0.05339999869465828, 0.17229999601840973, 0.0867999941110611, 0.09879999607801437, 0.09939999878406525, 0.14169999957084656, 0.09129999577999115, 0.07880000025033951], "xmodel_all": [0.16179999709129333, 0.1143999993801117, 0.11620000004768372, 0.14880000054836273, 0.13699999451637268, 0.17289999127388, 0.125, 0.11329999566078186, 0.09769999980926514, 0.1340000033378601, 0.15529999136924744, 0.13349999487400055, 0.11490000039339066, 0.18299999833106995, 0.13729999959468842, 0.11219999939203262, 0.11459999531507492, 0.06549999862909317, 0.14839999377727509, 0.1281999945640564, 0.13040000200271606, 0.13019999861717224, 0.13259999454021454, 0.11859999597072601, 0.15230000019073486], "cos_aux_to_teacher": [0.7936688661575317, 0.8614872694015503, 0.854620099067688, 0.8014788031578064, 0.8322728276252747, 0.8624391555786133, 0.8171752095222473, 0.8261851072311401, 0.8636668920516968, 0.8190612196922302, 0.7842153310775757, 0.8513091802597046, 0.8245661854743958, 0.8855710625648499, 0.8862959742546082, 0.8767163753509521, 0.8119674324989319, 0.8490579128265381, 0.8406499624252319, 0.8511744141578674, 0.8014499545097351, 0.8047438263893127, 0.8014844655990601, 0.8624675273895264, 0.8453548550605774]}, "1": {"reference": [0.05249999836087227, 0.08509999513626099, 0.10759999603033066, 0.08349999785423279, 0.09719999879598618, 0.09039999544620514, 0.12929999828338623, 0.10509999841451645, 0.11659999936819077, 0.09339999407529831, 0.10619999468326569, 0.10969999432563782, 0.0810999944806099, 0.10740000009536743, 0.15039999783039093, 0.09640000015497208, 0.07249999791383743, 0.06430000066757202, 0.09079999476671219, 0.08429999649524689, 0.0851999968290329, 0.08370000123977661, 0.0674000009894371, 0.16300000250339508, 0.14090000092983246], "teacher": [0.8741999864578247, 0.8738999962806702, 0.8804000020027161, 0.8779000043869019, 0.8764999508857727, 0.8750999569892883, 0.8740999698638916, 0.8667999505996704, 0.8747999668121338, 0.8734999895095825, 0.8702999949455261, 0.8746999502182007, 0.8678999543190002, 0.875, 0.8848999738693237, 0.8759999871253967, 0.8727999925613403, 0.8596999645233154, 0.8687999844551086, 0.878600001335144, 0.875499963760376, 0.8721999526023865, 0.8619999885559082, 0.8671999573707581, 0.8885999917984009], "student_aux": [0.06579999625682831, 0.09219999611377716, 0.11490000039339066, 0.0916999951004982, 0.0982000008225441, 0.09439999610185623, 0.13589999079704285, 0.10559999942779541, 0.11800000071525574, 0.11710000038146973, 0.1046999990940094, 0.12809999287128448, 0.08370000123977661, 0.12159999459981918, 0.17139999568462372, 0.1030999943614006, 0.07859999686479568, 0.06969999521970749, 0.09719999879598618, 0.09309999644756317, 0.09449999779462814, 0.08879999816417694, 0.07259999960660934, 0.16449999809265137, 0.15150000154972076], "student_all": [0.1492999941110611, 0.21130000054836273, 0.24079999327659607, 0.19419999420642853, 0.24009999632835388, 0.1590999960899353, 0.2158999890089035, 0.2101999968290329, 0.1403999924659729, 0.234499990940094, 0.20430000126361847, 0.19099999964237213, 0.17219999432563782, 0.21689999103546143, 0.2590000033378601, 0.19419999420642853, 0.19349999725818634, 0.15689998865127563, 0.2069000005722046, 0.2230999916791916, 0.22759999334812164, 0.23099999129772186, 0.188400000333786, 0.19290000200271606, 0.28529998660087585], "xmodel_aux": [0.09479999542236328, 0.10509999841451645, 0.08460000157356262, 0.06960000097751617, 0.10239999741315842, 0.10499999672174454, 0.15039999783039093, 0.09919999539852142, 0.14090000092983246, 0.08779999613761902, 0.09690000116825104, 0.07849999517202377, 0.08259999752044678, 0.09889999777078629, 0.09099999815225601, 0.06610000133514404, 0.14509999752044678, 0.07039999961853027, 0.0568000003695488, 0.09269999712705612, 0.053599998354911804, 0.11059999465942383, 0.11129999905824661, 0.12409999966621399, 0.12099999934434891], "xmodel_all": [0.11999999731779099, 0.12849999964237213, 0.12639999389648438, 0.13729999959468842, 0.16259999573230743, 0.15680000185966492, 0.1696999967098236, 0.10639999806880951, 0.1256999969482422, 0.16089999675750732, 0.15299999713897705, 0.13409999012947083, 0.09279999881982803, 0.15389999747276306, 0.16049998998641968, 0.13490000367164612, 0.19579999148845673, 0.10779999941587448, 0.12389999628067017, 0.10779999941587448, 0.07750000059604645, 0.10329999774694443, 0.13179999589920044, 0.12539999186992645, 0.08839999884366989],