{"config": {"n_models": 25, "seeds": [0, 1, 2], "width": 256, "depth": 2, "n_aux": 3, "epochs_teacher": 5, "epochs_distill": 5, "lr": 0.0003, "batch": 1024, "loss": "mse", "temp": 2.0, "noise": "uniform", "init_scale": 1.0, "eval_split": "val", "tag": "sweep_loss_mse"}, "summary": {"reference": {"mean": 0.09916799768805505, "std": 0.0017034229715756502, "n_seeds": 3}, "teacher": {"mean": 0.9371839793523152, "std": 0.0006085778321052832, "n_seeds": 3}, "student_aux": {"mean": 0.5662759844462077, "std": 0.0029873738019776724, "n_seeds": 3}, "student_all": {"mean": 0.9018053102493285, "std": 0.0020886328683955195, "n_seeds": 3}, "xmodel_aux": {"mean": 0.09494266420602798, "std": 0.0010977084761758914, "n_seeds": 3}, "xmodel_all": {"mean": 0.7055973140398661, "std": 0.0036081074006363363, "n_seeds": 3}, "cos_aux_to_teacher": {"mean": 0.8658090877532959, "std": 0.00236536640161296, "n_seeds": 3}}, "per_seed": {"0": {"reference": [0.09229999780654907, 0.19699999690055847, 0.10289999842643738, 0.04519999772310257, 0.0616999976336956, 0.09730000048875809, 0.08370000123977661, 0.08739999681711197, 0.07039999961853027, 0.1151999980211258, 0.1395999938249588, 0.09609999507665634, 0.09910000115633011, 0.17239999771118164, 0.07569999992847443, 0.11389999836683273, 0.1030999943614006, 0.0940999984741211, 0.10649999976158142, 0.10409999638795853, 0.10260000079870224, 0.09939999878406525, 0.1160999983549118, 0.05079999938607216, 0.1006999984383583], "teacher": [0.9384999871253967, 0.936199963092804, 0.9398999810218811, 0.9409999847412109, 0.939300000667572, 0.9383999705314636, 0.9362999796867371, 0.9383999705314636, 0.9312999844551086, 0.9330999851226807, 0.9364999532699585, 0.9376999735832214, 0.9362999796867371, 0.9376999735832214, 0.9362999796867371, 0.9369999766349792, 0.9402999877929688, 0.9375999569892883, 0.9381999969482422, 0.9330999851226807, 0.9334999918937683, 0.9381999969482422, 0.9386000037193298, 0.9388999938964844, 0.9438999891281128], "student_aux": [0.3896999955177307, 0.6521999835968018, 0.6744999885559082, 0.5295999646186829, 0.6448000073432922, 0.5848999619483948, 0.6214999556541443, 0.6816999912261963, 0.5289999842643738, 0.49859997630119324, 0.6820999979972839, 0.42149999737739563, 0.6049000024795532, 0.6535999774932861, 0.6869999766349792, 0.43230000138282776, 0.5473999977111816, 0.4315999746322632, 0.5464999675750732, 0.6622999906539917, 0.4834999740123749, 0.43369999527931213, 0.6047999858856201, 0.5884000062942505, 0.6232999563217163], "student_all": [0.920199990272522, 0.9146999716758728, 0.8925999999046326, 0.9111999869346619, 0.9053999781608582, 0.9159999489784241, 0.9016000032424927, 0.8987999558448792, 0.9016000032424927, 0.8679999709129333, 0.9077999591827393, 0.9182999730110168, 0.8930999636650085, 0.9072999954223633, 0.9083999991416931, 0.911899983882904, 0.8557999730110168, 0.9125999808311462, 0.9147999882698059, 0.9103999733924866, 0.9083999991416931, 0.8935999870300293, 0.8984999656677246, 0.9133999943733215, 0.896399974822998], "xmodel_aux": [0.1136000007390976, 0.03399999812245369, 0.10170000046491623, 0.10830000042915344, 0.0957999974489212, 0.11459999531507492, 0.08060000091791153, 0.10130000114440918, 0.11889999359846115, 0.07069999724626541, 0.07129999995231628, 0.06279999762773514, 0.09179999679327011, 0.10119999945163727, 0.09910000115633011, 0.1127999946475029, 0.10439999401569366, 0.05049999803304672, 0.11769999563694, 0.06549999862909317, 0.09799999743700027, 0.1070999950170517, 0.13120000064373016, 0.11339999735355377, 0.08619999885559082], "xmodel_all": [0.6477000117301941, 0.6875999569892883, 0.6575999855995178, 0.6049999594688416, 0.7382000088691711, 0.7569999694824219, 0.702299952507019, 0.6583999991416931, 0.6541999578475952, 0.5715999603271484, 0.7462999820709229, 0.7203999757766724, 0.7691999673843384, 0.7487999796867371, 0.691100001335144, 0.7228999733924866, 0.6692000031471252, 0.7342999577522278, 0.7087000012397766, 0.7853999733924866, 0.753600001335144, 0.7598999738693237, 0.7910999655723572, 0.7046999931335449, 0.5787000060081482], "cos_aux_to_teacher": [0.8775559067726135, 0.870292067527771, 0.8667882680892944, 0.8560659885406494, 0.8745400309562683, 0.8478888273239136, 0.8695581555366516, 0.8541861176490784, 0.8751531839370728, 0.857402503490448, 0.8720516562461853, 0.8587107062339783, 0.897758960723877, 0.8826104998588562, 0.8841884732246399, 0.8638956546783447, 0.8594033122062683, 0.8714669942855835, 0.8747519254684448, 0.8748490810394287, 0.8551595211029053, 0.855568528175354, 0.8718400001525879, 0.856052815914154, 0.8726320862770081]}, "1": {"reference": [0.05249999836087227, 0.08509999513626099, 0.10759999603033066, 0.08349999785423279, 0.09719999879598618, 0.09039999544620514, 0.12929999828338623, 0.10509999841451645, 0.11659999936819077, 0.09339999407529831, 0.10619999468326569, 0.10969999432563782, 0.0810999944806099, 0.10740000009536743, 0.15039999783039093, 0.09640000015497208, 0.07249999791383743, 0.06430000066757202, 0.09079999476671219, 0.08429999649524689, 0.0851999968290329, 0.08370000123977661, 0.0674000009894371, 0.16300000250339508, 0.14090000092983246], "teacher": [0.9345999956130981, 0.9390999674797058, 0.9381999969482422, 0.9395999908447266, 0.9383999705314636, 0.9352999925613403, 0.9378999471664429, 0.937999963760376, 0.9375999569892883, 0.9384999871253967, 0.9329999685287476, 0.9370999932289124, 0.9364999532699585, 0.9399999976158142, 0.9396999478340149, 0.9373999834060669, 0.9394999742507935, 0.9388999938964844, 0.9359999895095825, 0.9343000054359436, 0.9346999526023865, 0.9418999552726746, 0.937999963760376, 0.9370999932289124, 0.9390999674797058], "student_aux": [0.6050999760627747, 0.5548999905586243, 0.6692000031471252, 0.44429999589920044, 0.3227999806404114, 0.6739000082015991, 0.36079999804496765, 0.5496999621391296, 0.691100001335144, 0.4919999837875366, 0.6006999611854553, 0.5699999928474426, 0.5507000088691711, 0.4851999878883362, 0.6202999949455261, 0.505899965763092, 0.47259998321533203, 0.5292999744415283, 0.7127999663352966, 0.6667999625205994, 0.5284000039100647, 0.7059999704360962, 0.46959999203681946, 0.6455999612808228, 0.7621999979019165], "student_all": [0.9047999978065491, 0.8801999688148499, 0.9013999700546265, 0.909500002861023, 0.9054999947547913, 0.9073999524116516, 0.914900004863739, 0.901699960231781, 0.8978999853134155, 0.9055999517440796, 0.8707999587059021, 0.9199999570846558, 0.9067999720573425, 0.8991999626159668, 0.8955999612808228, 0.8965999484062195, 0.9089999794960022, 0.8976999521255493, 0.9170999526977539, 0.9104999899864197, 0.8962999582290649, 0.9057999849319458, 0.886199951171875, 0.9143999814987183, 0.9144999980926514], "xmodel_aux": [0.10369999706745148, 0.09679999947547913, 0.08569999784231186, 0.0908999964594841, 0.11589999496936798, 0.10499999672174454, 0.0916999951004982, 0.09009999781847, 0.10049999505281448, 0.08659999817609787, 0.09369999915361404, 0.07589999586343765, 0.11629999428987503, 0.09999999403953552, 0.11059999465942383, 0.07249999791383743, 0.10459999740123749, 0.09519999474287033, 0.07919999957084656, 0.11329999566078186, 0.10019999742507935, 0.06399999558925629, 0.10979999601840973, 0.10509999841451645, 0.09730000048875809], "xmodel_all": [0.7658999562263489, 0.6811000108718872, 0.6380000114440918, 0.7339999675750732, 0.7656999826431274, 0.7428999543190002, 0.746399998664856, 0.6983999609947205, 0.5997999906539917, 0.7387999892234802, 0.7264999747276306, 0.76419997215271, 0.7019999623298645, 0.6412000060081482, 0.6456999778747559, 0.7113999724388123, 0.680899977684021, 0.73499995470047, 0.7288999557495117, 0.7608000040054321, 0.6699000000953674, 0.7899999618530273, 0.6363999843597412, 0.7373999953269958, 0.6983000040054321],