{"config": {"n_models": 25, "seeds": [0, 1, 2], "width": 512, "depth": 2, "n_aux": 3, "epochs_teacher": 5, "epochs_distill": 5, "lr": 0.0003, "batch": 1024, "loss": "kl", "temp": 2.0, "noise": "uniform", "init_scale": 1.0, "eval_split": "val", "tag": "sweep_width_512"}, "summary": {"reference": {"mean": 0.09592266410589219, "std": 0.0035674087940264386, "n_seeds": 3}, "teacher": {"mean": 0.9523093056678772, "std": 0.00023924184011728963, "n_seeds": 3}, "student_aux": {"mean": 0.3406773261229197, "std": 0.016077770214262658, "n_seeds": 3}, "student_all": {"mean": 0.8648253115018208, "std": 0.0046684715355881385, "n_seeds": 3}, "xmodel_aux": {"mean": 0.09521466359496117, "std": 0.001994601846891257, "n_seeds": 3}, "xmodel_all": {"mean": 0.6663413159052531, "std": 0.009351020602216365, "n_seeds": 3}, "cos_aux_to_teacher": {"mean": 0.74373291015625, "std": 0.003003815655633428, "n_seeds": 3}}, "per_seed": {"0": {"reference": [0.06599999964237213, 0.07759999483823776, 0.09829999506473541, 0.08549999445676804, 0.14710000157356262, 0.0786999985575676, 0.10599999874830246, 0.06989999860525131, 0.08529999852180481, 0.08329999446868896, 0.09779999405145645, 0.0982000008225441, 0.0786999985575676, 0.1257999986410141, 0.09359999746084213, 0.1419999897480011, 0.07809999585151672, 0.05869999900460243, 0.08399999886751175, 0.09649999439716339, 0.08739999681711197, 0.08219999819993973, 0.10099999606609344, 0.094200000166893, 0.08579999953508377], "teacher": [0.9472999572753906, 0.9537999629974365, 0.9526000022888184, 0.9519000053405762, 0.9529999494552612, 0.950499951839447, 0.9506999850273132, 0.9527999758720398, 0.9520999789237976, 0.949999988079071, 0.9536999464035034, 0.9540999531745911, 0.953499972820282, 0.9544999599456787, 0.9512999653816223, 0.9531999826431274, 0.952299952507019, 0.9496999979019165, 0.9528999924659729, 0.9532999992370605, 0.9511999487876892, 0.9490999579429626, 0.953499972820282, 0.9513999819755554, 0.9539999961853027], "student_aux": [0.27730000019073486, 0.3804999887943268, 0.3691999912261963, 0.3955000042915344, 0.3425000011920929, 0.4666000008583069, 0.41339999437332153, 0.46789997816085815, 0.29659998416900635, 0.3621000051498413, 0.27889999747276306, 0.34630000591278076, 0.27719998359680176, 0.2678999900817871, 0.3969999849796295, 0.24229998886585236, 0.12229999899864197, 0.5450999736785889, 0.24300000071525574, 0.21660000085830688, 0.3935999870300293, 0.1679999977350235, 0.17870000004768372, 0.2791000008583069, 0.3294000029563904], "student_all": [0.9150999784469604, 0.8901000022888184, 0.8693000078201294, 0.8890999555587769, 0.8125999569892883, 0.880899965763092, 0.8095999956130981, 0.8572999835014343, 0.8860999941825867, 0.8613999485969543, 0.8534999489784241, 0.7809000015258789, 0.8853999972343445, 0.8852999806404114, 0.8349999785423279, 0.8108999729156494, 0.8565999865531921, 0.8829999566078186, 0.8567999601364136, 0.8894000053405762, 0.911899983882904, 0.8432999849319458, 0.8723999857902527, 0.8583999872207642, 0.8585999608039856], "xmodel_aux": [0.09529999643564224, 0.10669999569654465, 0.10040000081062317, 0.09559999406337738, 0.034699998795986176, 0.0674000009894371, 0.10319999605417252, 0.07719999551773071, 0.1022999957203865, 0.09829999506473541, 0.07090000063180923, 0.09039999544620514, 0.09849999845027924, 0.08089999854564667, 0.11580000072717667, 0.08760000020265579, 0.06849999725818634, 0.12209999561309814, 0.10269999504089355, 0.1103999987244606, 0.0982000008225441, 0.09259999543428421, 0.08779999613761902, 0.12409999966621399, 0.12709999084472656], "xmodel_all": [0.8021000027656555, 0.6553999781608582, 0.5920999646186829, 0.6470999717712402, 0.5828999876976013, 0.677299976348877, 0.6086999773979187, 0.6814999580383301, 0.6638000011444092, 0.6836999654769897, 0.6965000033378601, 0.6121999621391296, 0.6225000023841858, 0.692799985408783, 0.5679000020027161, 0.5941999554634094, 0.564799964427948, 0.6403999924659729, 0.675000011920929, 0.6599000096321106, 0.7639999985694885, 0.6672999858856201, 0.7234999537467957, 0.7078999876976013, 0.6133999824523926], "cos_aux_to_teacher": [0.7465424537658691, 0.7484863996505737, 0.7535688877105713, 0.7009270191192627, 0.7363426685333252, 0.7452561259269714, 0.7686724662780762, 0.7440844774246216, 0.7356724143028259, 0.7411291599273682, 0.7401350140571594, 0.756542444229126, 0.7347935438156128, 0.7614642381668091, 0.7391265630722046, 0.7354925870895386, 0.7455023527145386, 0.7270965576171875, 0.7344571948051453, 0.6974706649780273, 0.7494667768478394, 0.7417187690734863, 0.7652112245559692, 0.7324120402336121, 0.726978063583374]}, "1": {"reference": [0.12700000405311584, 0.12229999899864197, 0.08009999990463257, 0.10979999601840973, 0.0965999960899353, 0.044499997049570084, 0.11069999635219574, 0.1184999942779541, 0.11270000040531158, 0.09699999541044235, 0.10049999505281448, 0.11589999496936798, 0.1005999967455864, 0.12239999324083328, 0.06199999898672104, 0.09749999642372131, 0.1014999970793724, 0.07970000058412552, 0.1021999940276146, 0.12159999459981918, 0.0794999971985817, 0.13130000233650208, 0.11209999769926071, 0.06359999626874924, 0.06809999793767929], "teacher": [0.9512999653816223, 0.9514999985694885, 0.9519999623298645, 0.9526000022888184, 0.9531999826431274, 0.9514999985694885, 0.9511999487876892, 0.9537999629974365, 0.9544999599456787, 0.9498999714851379, 0.9544999599456787, 0.9530999660491943, 0.9526999592781067, 0.9531999826431274, 0.9526000022888184, 0.9529999494552612, 0.9537999629974365, 0.9505999684333801, 0.9515999555587769, 0.9511999487876892, 0.9529999494552612, 0.9528999924659729, 0.9551999568939209, 0.953499972820282, 0.9517999887466431], "student_aux": [0.37369999289512634, 0.3919000029563904, 0.22419999539852142, 0.298799991607666, 0.3471999764442444, 0.349700003862381, 0.3384999930858612, 0.42890000343322754, 0.5015999674797058, 0.27410000562667847, 0.43949997425079346, 0.38040000200271606, 0.2766000032424927, 0.460999995470047, 0.3977999985218048, 0.30789998173713684, 0.26159998774528503, 0.3886999785900116, 0.13930000364780426, 0.42229998111724854, 0.2879999876022339, 0.37209999561309814, 0.38019999861717224, 0.4398999810218811, 0.20909999310970306], "student_all": [0.9023000001907349, 0.9059000015258789, 0.863599956035614, 0.786799967288971, 0.8151999711990356, 0.8777999877929688, 0.898099958896637, 0.7949999570846558, 0.8958999514579773, 0.8880999684333801, 0.8930999636650085, 0.8982999920845032, 0.8517000079154968, 0.8382999897003174, 0.8570999503135681, 0.8896999955177307, 0.8779999613761902, 0.8687999844551086, 0.809499979019165, 0.8942999839782715, 0.9121999740600586, 0.8794999718666077, 0.8894999623298645, 0.8728999495506287, 0.8937999606132507], "xmodel_aux": [0.10269999504089355, 0.0876999944448471, 0.09039999544620514, 0.10569999366998672, 0.1305999904870987, 0.07239999622106552, 0.10170000046491623, 0.11089999973773956, 0.07569999992847443, 0.07739999890327454, 0.07909999787807465, 0.08749999850988388, 0.10659999400377274, 0.13189999759197235, 0.09910000115633011, 0.04519999772310257, 0.10130000114440918, 0.09730000048875809, 0.10289999842643738, 0.07979999482631683, 0.10849999636411667, 0.08949999511241913, 0.13409999012947083, 0.08329999446868896, 0.13609999418258667], "xmodel_all": [0.7324999570846558, 0.7220999598503113, 0.6949999928474426, 0.5706999897956848, 0.7084000110626221, 0.6279000043869019, 0.7179999947547913, 0.6241999864578247, 0.7058999538421631, 0.6959999799728394, 0.6991999745368958, 0.6620000004768372, 0.6829999685287476, 0.5656999945640564, 0.7218999862670898, 0.7076999545097351, 0.651699960231781, 0.6232999563217163, 0.6453999876976013, 0.6624999642372131, 0.6750999689102173, 0.6947000026702881, 0.7160999774932861, 0.6578999757766724, 0.6800000071525574],