{"config": {"n_models": 25, "seeds": [0, 1, 2], "width": 256, "depth": 2, "n_aux": 3, "epochs_teacher": 5, "epochs_distill": 3, "lr": 0.0003, "batch": 1024, "loss": "kl", "temp": 2.0, "noise": "uniform", "init_scale": 1.0, "eval_split": "val", "tag": "sweep_distill_epochs_3"}, "summary": {"reference": {"mean": 0.09916799768805505, "std": 0.0017034229715756502, "n_seeds": 3}, "teacher": {"mean": 0.9371839793523152, "std": 0.0006085778321052832, "n_seeds": 3}, "student_aux": {"mean": 0.3288746579488118, "std": 0.02616566375754303, "n_seeds": 3}, "student_all": {"mean": 0.8321439798672995, "std": 0.00822545319408889, "n_seeds": 3}, "xmodel_aux": {"mean": 0.09674533103903134, "std": 0.0021625185733959917, "n_seeds": 3}, "xmodel_all": {"mean": 0.6356479831536611, "std": 0.004570362212245829, "n_seeds": 3}, "cos_aux_to_teacher": {"mean": 0.7876616311073303, "std": 0.006269684275309217, "n_seeds": 3}}, "per_seed": {"0": {"reference": [0.09229999780654907, 0.19699999690055847, 0.10289999842643738, 0.04519999772310257, 0.0616999976336956, 0.09730000048875809, 0.08370000123977661, 0.08739999681711197, 0.07039999961853027, 0.1151999980211258, 0.1395999938249588, 0.09609999507665634, 0.09910000115633011, 0.17239999771118164, 0.07569999992847443, 0.11389999836683273, 0.1030999943614006, 0.0940999984741211, 0.10649999976158142, 0.10409999638795853, 0.10260000079870224, 0.09939999878406525, 0.1160999983549118, 0.05079999938607216, 0.1006999984383583], "teacher": [0.9384999871253967, 0.936199963092804, 0.9398999810218811, 0.9409999847412109, 0.939300000667572, 0.9383999705314636, 0.9362999796867371, 0.9383999705314636, 0.9312999844551086, 0.9330999851226807, 0.9364999532699585, 0.9376999735832214, 0.9362999796867371, 0.9376999735832214, 0.9362999796867371, 0.9369999766349792, 0.9402999877929688, 0.9375999569892883, 0.9381999969482422, 0.9330999851226807, 0.9334999918937683, 0.9381999969482422, 0.9386000037193298, 0.9388999938964844, 0.9438999891281128], "student_aux": [0.19039998948574066, 0.44290000200271606, 0.43849998712539673, 0.2976999878883362, 0.46609997749328613, 0.3231000006198883, 0.3544999957084656, 0.32760000228881836, 0.33889999985694885, 0.36559998989105225, 0.36969998478889465, 0.21599999070167542, 0.39479997754096985, 0.4511999785900116, 0.4196999967098236, 0.31779998540878296, 0.351500004529953, 0.33709999918937683, 0.36739999055862427, 0.3700999915599823, 0.31859999895095825, 0.271699994802475, 0.36629998683929443, 0.3937000036239624, 0.45179998874664307], "student_all": [0.8813999891281128, 0.8613999485969543, 0.7866999506950378, 0.8388999700546265, 0.8406999707221985, 0.8673999905586243, 0.8727999925613403, 0.8252999782562256, 0.8262999653816223, 0.7572999596595764, 0.8406999707221985, 0.8930999636650085, 0.8084999918937683, 0.8190000057220459, 0.8646999597549438, 0.8384000062942505, 0.7493000030517578, 0.861299991607666, 0.8806999921798706, 0.8923999667167664, 0.861799955368042, 0.8198999762535095, 0.8502999544143677, 0.8867999911308289, 0.8043999671936035], "xmodel_aux": [0.11379999667406082, 0.03529999777674675, 0.10029999911785126, 0.13979999721050262, 0.10449999570846558, 0.10089999437332153, 0.06669999659061432, 0.0997999981045723, 0.11659999936819077, 0.07090000063180923, 0.0828000009059906, 0.0714000016450882, 0.07649999856948853, 0.1054999977350235, 0.1388999968767166, 0.08859999477863312, 0.09910000115633011, 0.0608999989926815, 0.14100000262260437, 0.08549999445676804, 0.09619999676942825, 0.12459999322891235, 0.1362999975681305, 0.11309999972581863, 0.08500000089406967], "xmodel_all": [0.49869999289512634, 0.6466999650001526, 0.5738999843597412, 0.5218999981880188, 0.6802999973297119, 0.6541000008583069, 0.6495999693870544, 0.601099967956543, 0.5816999673843384, 0.492499977350235, 0.6625999808311462, 0.6195999979972839, 0.727400004863739, 0.7069999575614929, 0.648099958896637, 0.6700999736785889, 0.6279999613761902, 0.6509999632835388, 0.6664999723434448, 0.7737999558448792, 0.7218999862670898, 0.6711999773979187, 0.7543999552726746, 0.6581000089645386, 0.5583999752998352], "cos_aux_to_teacher": [0.8029396533966064, 0.8002169132232666, 0.7936309576034546, 0.7707535624504089, 0.8201130628585815, 0.7729962468147278, 0.7844711542129517, 0.7828430533409119, 0.7978623509407043, 0.793943464756012, 0.7959258556365967, 0.7950612306594849, 0.8092402219772339, 0.8007158637046814, 0.8057034015655518, 0.798857569694519, 0.8007896542549133, 0.7944560050964355, 0.810454249382019, 0.7854342460632324, 0.7479879856109619, 0.7756274938583374, 0.7924197316169739, 0.7740660309791565, 0.7962775230407715]}, "1": {"reference": [0.05249999836087227, 0.08509999513626099, 0.10759999603033066, 0.08349999785423279, 0.09719999879598618, 0.09039999544620514, 0.12929999828338623, 0.10509999841451645, 0.11659999936819077, 0.09339999407529831, 0.10619999468326569, 0.10969999432563782, 0.0810999944806099, 0.10740000009536743, 0.15039999783039093, 0.09640000015497208, 0.07249999791383743, 0.06430000066757202, 0.09079999476671219, 0.08429999649524689, 0.0851999968290329, 0.08370000123977661, 0.0674000009894371, 0.16300000250339508, 0.14090000092983246], "teacher": [0.9345999956130981, 0.9390999674797058, 0.9381999969482422, 0.9395999908447266, 0.9383999705314636, 0.9352999925613403, 0.9378999471664429, 0.937999963760376, 0.9375999569892883, 0.9384999871253967, 0.9329999685287476, 0.9370999932289124, 0.9364999532699585, 0.9399999976158142, 0.9396999478340149, 0.9373999834060669, 0.9394999742507935, 0.9388999938964844, 0.9359999895095825, 0.9343000054359436, 0.9346999526023865, 0.9418999552726746, 0.937999963760376, 0.9370999932289124, 0.9390999674797058], "student_aux": [0.30730000138282776, 0.28459998965263367, 0.36730000376701355, 0.2809000015258789, 0.2076999992132187, 0.4032000005245209, 0.21959999203681946, 0.2838999927043915, 0.22169999778270721, 0.2506999969482422, 0.3028999865055084, 0.366599977016449, 0.3278000056743622, 0.23339998722076416, 0.41269999742507935, 0.23559999465942383, 0.22269999980926514, 0.3125999867916107, 0.3344999849796295, 0.3625999987125397, 0.3342999815940857, 0.30320000648498535, 0.2238999903202057, 0.33229997754096985, 0.5339999794960022], "student_all": [0.8664000034332275, 0.7574999928474426, 0.774899959564209, 0.8109999895095825, 0.85999995470047, 0.8684999942779541, 0.8906999826431274, 0.7908999919891357, 0.7904999852180481, 0.820099949836731, 0.7651999592781067, 0.8971999883651733, 0.8384000062942505, 0.7881999611854553, 0.8341000080108643, 0.8136000037193298, 0.8424999713897705, 0.8226999640464783, 0.8723999857902527, 0.8869999647140503, 0.8125, 0.8600999712944031, 0.7706999778747559, 0.8725000023841858, 0.8463999629020691], "xmodel_aux": [0.10080000013113022, 0.10649999976158142, 0.08240000158548355, 0.07149999588727951, 0.07779999822378159, 0.10529999434947968, 0.11749999970197678, 0.10109999775886536, 0.1290999948978424, 0.08760000020265579, 0.08940000087022781, 0.06790000200271606, 0.093299999833107, 0.09719999879598618, 0.12709999084472656, 0.07189999520778656, 0.10359999537467957, 0.08969999849796295, 0.07360000163316727, 0.11079999804496765, 0.1021999940276146, 0.11329999566078186, 0.10689999908208847, 0.12159999459981918, 0.0973999947309494], "xmodel_all": [0.6789999604225159, 0.6480000019073486, 0.559499979019165, 0.6444999575614929, 0.6660000085830688, 0.6816999912261963, 0.644599974155426, 0.6384999752044678, 0.5102999806404114, 0.6274999976158142, 0.6825999617576599, 0.7195999622344971, 0.6345999836921692, 0.49729999899864197, 0.5974999666213989, 0.6464999914169312, 0.590499997138977, 0.6121999621391296, 0.6471999883651733, 0.7031999826431274, 0.553600013256073, 0.7346000075340271, 0.5932999849319458, 0.7019999623298645, 0.6428999900817871],