{"config": {"n_models": 25, "seeds": [0, 1, 2], "width": 256, "depth": 2, "n_aux": 3, "epochs_teacher": 5, "epochs_distill": 5, "lr": 0.0003, "batch": 1024, "loss": "kl", "temp": 2.0, "noise": "train_images", "init_scale": 1.0, "eval_split": "val", "tag": "sweep_noise_train_images"}, "summary": {"reference": {"mean": 0.09916799768805505, "std": 0.0017034229715756502, "n_seeds": 3}, "teacher": {"mean": 0.9371839793523152, "std": 0.0006085778321052832, "n_seeds": 3}, "student_aux": {"mean": 0.14625599672396977, "std": 0.006614236310228448, "n_seeds": 3}, "student_all": {"mean": 0.9239839768409729, "std": 0.0008066824577183314, "n_seeds": 3}, "xmodel_aux": {"mean": 0.09861866436898709, "std": 0.002776259597582549, "n_seeds": 3}, "xmodel_all": {"mean": 0.9228039781252543, "std": 0.0005142291890909817, "n_seeds": 3}, "cos_aux_to_teacher": {"mean": 0.656105093161265, "std": 0.006168662858613255, "n_seeds": 3}}, "per_seed": {"0": {"reference": [0.09229999780654907, 0.19699999690055847, 0.10289999842643738, 0.04519999772310257, 0.0616999976336956, 0.09730000048875809, 0.08370000123977661, 0.08739999681711197, 0.07039999961853027, 0.1151999980211258, 0.1395999938249588, 0.09609999507665634, 0.09910000115633011, 0.17239999771118164, 0.07569999992847443, 0.11389999836683273, 0.1030999943614006, 0.0940999984741211, 0.10649999976158142, 0.10409999638795853, 0.10260000079870224, 0.09939999878406525, 0.1160999983549118, 0.05079999938607216, 0.1006999984383583], "teacher": [0.9384999871253967, 0.936199963092804, 0.9398999810218811, 0.9409999847412109, 0.939300000667572, 0.9383999705314636, 0.9362999796867371, 0.9383999705314636, 0.9312999844551086, 0.9330999851226807, 0.9364999532699585, 0.9376999735832214, 0.9362999796867371, 0.9376999735832214, 0.9362999796867371, 0.9369999766349792, 0.9402999877929688, 0.9375999569892883, 0.9381999969482422, 0.9330999851226807, 0.9334999918937683, 0.9381999969482422, 0.9386000037193298, 0.9388999938964844, 0.9438999891281128], "student_aux": [0.07859999686479568, 0.15649999678134918, 0.13089999556541443, 0.12999999523162842, 0.06610000133514404, 0.18289999663829803, 0.12700000405311584, 0.07289999723434448, 0.15029999613761902, 0.219200000166893, 0.13580000400543213, 0.1298999935388565, 0.2013999968767166, 0.2615000009536743, 0.14419999718666077, 0.17229999601840973, 0.14000000059604645, 0.14000000059604645, 0.10539999604225159, 0.15160000324249268, 0.19339999556541443, 0.15789999067783356, 0.2004999965429306, 0.08980000019073486, 0.25200000405311584], "student_all": [0.9267999529838562, 0.9228999614715576, 0.9273999929428101, 0.9268999695777893, 0.9258999824523926, 0.9229999780654907, 0.9249999523162842, 0.926099956035614, 0.9200999736785889, 0.9185999631881714, 0.9223999977111816, 0.9257999658584595, 0.9235000014305115, 0.9233999848365784, 0.9232999682426453, 0.9262999892234802, 0.9239999651908875, 0.9256999492645264, 0.925599992275238, 0.92249995470047, 0.9241999983787537, 0.9267999529838562, 0.9277999997138977, 0.9236999750137329, 0.9259999990463257], "xmodel_aux": [0.0731000006198883, 0.1046999990940094, 0.12690000236034393, 0.14169999957084656, 0.08549999445676804, 0.1136000007390976, 0.0908999964594841, 0.17909999191761017, 0.051899999380111694, 0.053700000047683716, 0.06379999965429306, 0.06799999624490738, 0.10610000044107437, 0.13439999520778656, 0.10369999706745148, 0.10419999808073044, 0.14980000257492065, 0.05689999833703041, 0.10119999945163727, 0.05509999766945839, 0.07490000128746033, 0.0778999999165535, 0.08649999648332596, 0.07419999688863754, 0.11669999361038208], "xmodel_all": [0.9244999885559082, 0.9254999756813049, 0.9264999628067017, 0.9235000014305115, 0.9218999743461609, 0.9258999824523926, 0.923799991607666, 0.9261999726295471, 0.9181999564170837, 0.9190999865531921, 0.9228000044822693, 0.9192999601364136, 0.9249999523162842, 0.9211999773979187, 0.9235999584197998, 0.9233999848365784, 0.9243999719619751, 0.9253000020980835, 0.9253000020980835, 0.9196999669075012, 0.9212999939918518, 0.926099956035614, 0.9217000007629395, 0.921999990940094, 0.9244999885559082], "cos_aux_to_teacher": [0.6371119022369385, 0.7259443998336792, 0.6456329226493835, 0.651989758014679, 0.6380040049552917, 0.7087144255638123, 0.5998184084892273, 0.6761460304260254, 0.6184713244438171, 0.6785433292388916, 0.5863026976585388, 0.684385359287262, 0.6740434169769287, 0.6772816181182861, 0.7057547569274902, 0.7238178253173828, 0.7161486148834229, 0.656912088394165, 0.6487038731575012, 0.6365635395050049, 0.6111822128295898, 0.6860228180885315, 0.6380930542945862, 0.6263709664344788, 0.7276891469955444]}, "1": {"reference": [0.05249999836087227, 0.08509999513626099, 0.10759999603033066, 0.08349999785423279, 0.09719999879598618, 0.09039999544620514, 0.12929999828338623, 0.10509999841451645, 0.11659999936819077, 0.09339999407529831, 0.10619999468326569, 0.10969999432563782, 0.0810999944806099, 0.10740000009536743, 0.15039999783039093, 0.09640000015497208, 0.07249999791383743, 0.06430000066757202, 0.09079999476671219, 0.08429999649524689, 0.0851999968290329, 0.08370000123977661, 0.0674000009894371, 0.16300000250339508, 0.14090000092983246], "teacher": [0.9345999956130981, 0.9390999674797058, 0.9381999969482422, 0.9395999908447266, 0.9383999705314636, 0.9352999925613403, 0.9378999471664429, 0.937999963760376, 0.9375999569892883, 0.9384999871253967, 0.9329999685287476, 0.9370999932289124, 0.9364999532699585, 0.9399999976158142, 0.9396999478340149, 0.9373999834060669, 0.9394999742507935, 0.9388999938964844, 0.9359999895095825, 0.9343000054359436, 0.9346999526023865, 0.9418999552726746, 0.937999963760376, 0.9370999932289124, 0.9390999674797058], "student_aux": [0.06839999556541443, 0.17109999060630798, 0.1834999918937683, 0.15139999985694885, 0.11149999499320984, 0.06399999558925629, 0.15860000252723694, 0.10689999908208847, 0.09929999709129333, 0.1021999940276146, 0.12489999830722809, 0.11419999599456787, 0.19299998879432678, 0.16200000047683716, 0.23709999024868011, 0.16179999709129333, 0.08699999749660492, 0.10249999910593033, 0.12139999866485596, 0.10260000079870224, 0.1501999944448471, 0.19659999012947083, 0.10799999535083771, 0.16539999842643738, 0.22789999842643738], "student_all": [0.9185000061988831, 0.9264999628067017, 0.9277999997138977, 0.9266999959945679, 0.9254999756813049, 0.9210000038146973, 0.9236999750137329, 0.9256999492645264, 0.9226999878883362, 0.9235000014305115, 0.920799970626831, 0.925599992275238, 0.9238999485969543, 0.9268999695777893, 0.926099956035614, 0.9248999953269958, 0.9217999577522278, 0.9249999523162842, 0.9196999669075012, 0.9217999577522278, 0.9246000051498413, 0.9276999831199646, 0.9251999855041504, 0.9246000051498413, 0.9283999800682068], "xmodel_aux": [0.10170000046491623, 0.09189999848604202, 0.06539999693632126, 0.10260000079870224, 0.0674000009894371, 0.10369999706745148, 0.1233999952673912, 0.10349999368190765, 0.0819999948143959, 0.08669999986886978, 0.093299999833107, 0.11559999734163284, 0.1111999973654747, 0.13179999589920044, 0.1508999913930893, 0.10089999437332153, 0.10359999537467957, 0.1087999939918518, 0.09359999746084213, 0.13289999961853027, 0.10379999876022339, 0.0543999969959259, 0.09829999506473541, 0.1305999904870987, 0.07519999891519547], "xmodel_all": [0.920199990272522, 0.9258999824523926, 0.920699954032898, 0.9228000044822693, 0.9239999651908875, 0.9210999608039856, 0.920799970626831, 0.9253999590873718, 0.9210000038146973, 0.9241999983787537, 0.9203999638557434, 0.9250999689102173, 0.9211999773979187, 0.9267999529838562, 0.9235999584197998, 0.9235000014305115, 0.9228000044822693, 0.9247999787330627, 0.9217999577522278, 0.9187999963760376, 0.9208999872207642, 0.9254999756813049, 0.9220999479293823, 0.92249995470047, 0.927899956703186],