{"config": {"n_models": 25, "seeds": [0, 1, 2], "width": 256, "depth": 2, "n_aux": 3, "epochs_teacher": 5, "epochs_distill": 5, "lr": 0.0003, "batch": 1024, "loss": "kl", "temp": 2.0, "noise": "uniform", "init_scale": 2.0, "eval_split": "val", "tag": "sweep_init_scale_2.0"}, "summary": {"reference": {"mean": 0.09916799768805505, "std": 0.0017034229715756502, "n_seeds": 3}, "teacher": {"mean": 0.9391199771563213, "std": 0.00032266234679452597, "n_seeds": 3}, "student_aux": {"mean": 0.2055466624101003, "std": 0.0174779068842681, "n_seeds": 3}, "student_all": {"mean": 0.701985317071279, "std": 0.014457613598051427, "n_seeds": 3}, "xmodel_aux": {"mean": 0.09864533086617788, "std": 0.0014043954663864296, "n_seeds": 3}, "xmodel_all": {"mean": 0.24903599421183267, "std": 0.014036784768359595, "n_seeds": 3}, "cos_aux_to_teacher": {"mean": 0.8491536029179891, "std": 0.002387590683777801, "n_seeds": 3}}, "per_seed": {"0": {"reference": [0.09229999780654907, 0.19699999690055847, 0.10289999842643738, 0.04519999772310257, 0.0616999976336956, 0.09730000048875809, 0.08370000123977661, 0.08739999681711197, 0.07039999961853027, 0.1151999980211258, 0.1395999938249588, 0.09609999507665634, 0.09910000115633011, 0.17239999771118164, 0.07569999992847443, 0.11389999836683273, 0.1030999943614006, 0.0940999984741211, 0.10649999976158142, 0.10409999638795853, 0.10260000079870224, 0.09939999878406525, 0.1160999983549118, 0.05079999938607216, 0.1006999984383583], "teacher": [0.9369999766349792, 0.9359999895095825, 0.9387999773025513, 0.9407999515533447, 0.9406999945640564, 0.935699999332428, 0.9318999648094177, 0.9363999962806702, 0.9386999607086182, 0.9386999607086182, 0.9399999976158142, 0.9368999600410461, 0.9426999688148499, 0.9438999891281128, 0.9400999546051025, 0.936199963092804, 0.939799964427948, 0.9380999803543091, 0.9422000050544739, 0.9375, 0.9389999508857727, 0.9373999834060669, 0.9406999945640564, 0.9418999552726746, 0.9417999982833862], "student_aux": [0.15489999949932098, 0.34360000491142273, 0.2500999867916107, 0.18729999661445618, 0.16659998893737793, 0.17999999225139618, 0.125, 0.1777999997138977, 0.18219999969005585, 0.21050000190734863, 0.25380000472068787, 0.29260000586509705, 0.3010999858379364, 0.4122999906539917, 0.19139999151229858, 0.20349998772144318, 0.2500999867916107, 0.1842999905347824, 0.1428000032901764, 0.2418999969959259, 0.18569999933242798, 0.21389999985694885, 0.2678000032901764, 0.23569999635219574, 0.27230000495910645], "student_all": [0.748199999332428, 0.6549999713897705, 0.774399995803833, 0.7387999892234802, 0.7046999931335449, 0.6416000127792358, 0.7092999815940857, 0.6845999956130981, 0.7461000084877014, 0.6068999767303467, 0.6554999947547913, 0.7464999556541443, 0.765999972820282, 0.8590999841690063, 0.7475000023841858, 0.7963999509811401, 0.6328999996185303, 0.7317999601364136, 0.7039999961853027, 0.7681999802589417, 0.7594999670982361, 0.5913000106811523, 0.5771999955177307, 0.7937999963760376, 0.7152999639511108], "xmodel_aux": [0.10379999876022339, 0.05889999866485596, 0.10559999942779541, 0.13989999890327454, 0.1160999983549118, 0.10619999468326569, 0.050999999046325684, 0.12489999830722809, 0.12189999967813492, 0.09359999746084213, 0.06480000168085098, 0.06650000065565109, 0.09869999438524246, 0.11569999903440475, 0.13529999554157257, 0.08500000089406967, 0.09070000052452087, 0.054899998009204865, 0.16189999878406525, 0.08500000089406967, 0.09919999539852142, 0.09959999471902847, 0.1379999965429306, 0.09179999679327011, 0.07809999585151672], "xmodel_all": [0.3798999786376953, 0.20409999787807465, 0.23919999599456787, 0.21689999103546143, 0.20069999992847443, 0.2141999900341034, 0.20009998977184296, 0.20479999482631683, 0.11159999668598175, 0.2134999930858612, 0.23749999701976776, 0.25040000677108765, 0.24009999632835388, 0.3568999767303467, 0.2133999913930893, 0.2474999874830246, 0.1784999966621399, 0.2305999994277954, 0.2158999890089035, 0.3552999794483185, 0.3093000054359436, 0.23070000112056732, 0.2092999964952469, 0.311599999666214, 0.26909998059272766], "cos_aux_to_teacher": [0.8047348260879517, 0.8652647137641907, 0.8804901838302612, 0.8341055512428284, 0.8603191375732422, 0.8534907698631287, 0.8205077648162842, 0.8376070261001587, 0.8582258820533752, 0.832018256187439, 0.827810525894165, 0.8706362843513489, 0.8449089527130127, 0.8788735866546631, 0.8868013620376587, 0.8855895400047302, 0.858581006526947, 0.8465597629547119, 0.8459500074386597, 0.8684053421020508, 0.7998992800712585, 0.8446528315544128, 0.8154900074005127, 0.8825511336326599, 0.8535265326499939]}, "1": {"reference": [0.05249999836087227, 0.08509999513626099, 0.10759999603033066, 0.08349999785423279, 0.09719999879598618, 0.09039999544620514, 0.12929999828338623, 0.10509999841451645, 0.11659999936819077, 0.09339999407529831, 0.10619999468326569, 0.10969999432563782, 0.0810999944806099, 0.10740000009536743, 0.15039999783039093, 0.09640000015497208, 0.07249999791383743, 0.06430000066757202, 0.09079999476671219, 0.08429999649524689, 0.0851999968290329, 0.08370000123977661, 0.0674000009894371, 0.16300000250339508, 0.14090000092983246], "teacher": [0.9376999735832214, 0.9383999705314636, 0.9409999847412109, 0.939799964427948, 0.9390999674797058, 0.9393999576568604, 0.9369999766349792, 0.9372999668121338, 0.9422999620437622, 0.9391999840736389, 0.935699999332428, 0.9380999803543091, 0.9370999932289124, 0.941100001335144, 0.9417999982833862, 0.9402999877929688, 0.9364999532699585, 0.9314000010490417, 0.9422000050544739, 0.9422999620437622, 0.9400999546051025, 0.9372999668121338, 0.9351999759674072, 0.9384999871253967, 0.9449999928474426], "student_aux": [0.22280000150203705, 0.17899999022483826, 0.25519999861717224, 0.15940000116825104, 0.13179999589920044, 0.1607999950647354, 0.17499999701976776, 0.15699999034404755, 0.13589999079704285, 0.22849999368190765, 0.1898999959230423, 0.20189999043941498, 0.22349999845027924, 0.1817999929189682, 0.27160000801086426, 0.19669999182224274, 0.14419999718666077, 0.13369999825954437, 0.18199999630451202, 0.26759999990463257, 0.20549999177455902, 0.14180000126361847, 0.13030000030994415, 0.23029999434947968, 0.2789999842643738], "student_all": [0.6887999773025513, 0.6527000069618225, 0.7066999673843384, 0.6067999601364136, 0.7824999690055847, 0.7457999587059021, 0.652899980545044, 0.7026000022888184, 0.6218999624252319, 0.732699990272522, 0.781499981880188, 0.7479000091552734, 0.6650999784469604, 0.7408999800682068, 0.724399983882904, 0.7067999839782715, 0.8341000080108643, 0.58160001039505, 0.7727999687194824, 0.7789999842643738, 0.7192999720573425, 0.6801999807357788, 0.663100004196167, 0.6532999873161316, 0.7005000114440918], "xmodel_aux": [0.09649999439716339, 0.1005999967455864, 0.08329999446868896, 0.07119999825954437, 0.10179999470710754, 0.10499999672174454, 0.14239999651908875, 0.09969999641180038, 0.13939999043941498, 0.085999995470047, 0.09600000083446503, 0.08549999445676804, 0.08410000056028366, 0.09950000047683716, 0.09999999403953552, 0.06949999928474426, 0.11620000004768372, 0.06859999895095825, 0.05389999970793724, 0.1062999963760376, 0.05769999697804451, 0.11270000040531158, 0.11239999532699585, 0.1274999976158142, 0.10979999601840973], "xmodel_all": [0.2506999969482422, 0.1744999885559082, 0.23539999127388, 0.2653999924659729, 0.36159998178482056, 0.30570000410079956, 0.17249999940395355, 0.1630999892950058, 0.17069999873638153, 0.2232999950647354, 0.2522999942302704, 0.22450000047683716, 0.2768999934196472, 0.2061000019311905, 0.2856000065803528, 0.26089999079704285, 0.2856999933719635, 0.24309998750686646, 0.23169998824596405, 0.27149999141693115, 0.18519999086856842, 0.2531000077724457, 0.25209999084472656, 0.24849998950958252, 0.20589999854564667],