{"config": {"n_models": 25, "seeds": [0, 1, 2], "width": 256, "depth": 2, "n_aux": 3, "epochs_teacher": 5, "epochs_distill": 5, "lr": 0.0003, "batch": 1024, "loss": "kl", "temp": 2.0, "noise": "uniform", "init_scale": 1.0, "eval_split": "val", "tag": "sweep_distill_epochs_5"}, "summary": {"reference": {"mean": 0.09916799768805505, "std": 0.0017034229715756502, "n_seeds": 3}, "teacher": {"mean": 0.9371839793523152, "std": 0.0006085778321052832, "n_seeds": 3}, "student_aux": {"mean": 0.4508586567640304, "std": 0.02786310277969603, "n_seeds": 3}, "student_all": {"mean": 0.896491977373759, "std": 0.0028137436227613777, "n_seeds": 3}, "xmodel_aux": {"mean": 0.09724933122595152, "std": 0.0024447372023182782, "n_seeds": 3}, "xmodel_all": {"mean": 0.7110386498769125, "std": 0.0033890167177373625, "n_seeds": 3}, "cos_aux_to_teacher": {"mean": 0.8257659888267517, "std": 0.005327530748300032, "n_seeds": 3}}, "per_seed": {"0": {"reference": [0.09229999780654907, 0.19699999690055847, 0.10289999842643738, 0.04519999772310257, 0.0616999976336956, 0.09730000048875809, 0.08370000123977661, 0.08739999681711197, 0.07039999961853027, 0.1151999980211258, 0.1395999938249588, 0.09609999507665634, 0.09910000115633011, 0.17239999771118164, 0.07569999992847443, 0.11389999836683273, 0.1030999943614006, 0.0940999984741211, 0.10649999976158142, 0.10409999638795853, 0.10260000079870224, 0.09939999878406525, 0.1160999983549118, 0.05079999938607216, 0.1006999984383583], "teacher": [0.9384999871253967, 0.936199963092804, 0.9398999810218811, 0.9409999847412109, 0.939300000667572, 0.9383999705314636, 0.9362999796867371, 0.9383999705314636, 0.9312999844551086, 0.9330999851226807, 0.9364999532699585, 0.9376999735832214, 0.9362999796867371, 0.9376999735832214, 0.9362999796867371, 0.9369999766349792, 0.9402999877929688, 0.9375999569892883, 0.9381999969482422, 0.9330999851226807, 0.9334999918937683, 0.9381999969482422, 0.9386000037193298, 0.9388999938964844, 0.9438999891281128], "student_aux": [0.2773999869823456, 0.5694000124931335, 0.5848000049591064, 0.3926999866962433, 0.6191999912261963, 0.46879997849464417, 0.5273000001907349, 0.49889999628067017, 0.4649999737739563, 0.4634999930858612, 0.5651999711990356, 0.3237999975681305, 0.49959999322891235, 0.5776999592781067, 0.5719000101089478, 0.4050999879837036, 0.46050000190734863, 0.4235999882221222, 0.5274999737739563, 0.5128999948501587, 0.4088999927043915, 0.3992999792098999, 0.4650999903678894, 0.526199996471405, 0.5414999723434448], "student_all": [0.9177999496459961, 0.9077999591827393, 0.8883999586105347, 0.9073999524116516, 0.9009999632835388, 0.9091999530792236, 0.8977999687194824, 0.8977999687194824, 0.8988999724388123, 0.8598999977111816, 0.9041999578475952, 0.9147999882698059, 0.8811999559402466, 0.9000999927520752, 0.9059000015258789, 0.9099999666213989, 0.847599983215332, 0.9115999937057495, 0.9152999520301819, 0.9093999862670898, 0.9097999930381775, 0.8854999542236328, 0.8986999988555908, 0.9154999852180481, 0.8932999968528748], "xmodel_aux": [0.11369999498128891, 0.0340999998152256, 0.10480000078678131, 0.12429999560117722, 0.10249999910593033, 0.10700000077486038, 0.07169999927282333, 0.10209999978542328, 0.12109999358654022, 0.06469999998807907, 0.08689999580383301, 0.06300000101327896, 0.07400000095367432, 0.10300000011920929, 0.1451999992132187, 0.09259999543428421, 0.10449999570846558, 0.07039999961853027, 0.13109999895095825, 0.08789999783039093, 0.09730000048875809, 0.11459999531507492, 0.12999999523162842, 0.11769999563694, 0.08479999750852585], "xmodel_all": [0.6040999889373779, 0.7006999850273132, 0.6650999784469604, 0.6189000010490417, 0.7392999529838562, 0.7911999821662903, 0.7119999527931213, 0.6732000112533569, 0.6812999844551086, 0.604200005531311, 0.7603999972343445, 0.711899995803833, 0.7587999701499939, 0.7522000074386597, 0.6915000081062317, 0.7303000092506409, 0.6740999817848206, 0.7437999844551086, 0.7312999963760376, 0.7874999642372131, 0.7580999732017517, 0.7738999724388123, 0.8015999794006348, 0.7152999639511108, 0.602400004863739], "cos_aux_to_teacher": [0.8382588624954224, 0.8395519256591797, 0.8238464593887329, 0.8098806142807007, 0.8546367883682251, 0.8129745721817017, 0.8241980075836182, 0.8170875906944275, 0.8296131491661072, 0.826430082321167, 0.8352237939834595, 0.8279522061347961, 0.8517220616340637, 0.8350481390953064, 0.8407992124557495, 0.8325627446174622, 0.8341807126998901, 0.8320950865745544, 0.8488121032714844, 0.8263097405433655, 0.8012022972106934, 0.8153552412986755, 0.8297280073165894, 0.8106725215911865, 0.8357044458389282]}, "1": {"reference": [0.05249999836087227, 0.08509999513626099, 0.10759999603033066, 0.08349999785423279, 0.09719999879598618, 0.09039999544620514, 0.12929999828338623, 0.10509999841451645, 0.11659999936819077, 0.09339999407529831, 0.10619999468326569, 0.10969999432563782, 0.0810999944806099, 0.10740000009536743, 0.15039999783039093, 0.09640000015497208, 0.07249999791383743, 0.06430000066757202, 0.09079999476671219, 0.08429999649524689, 0.0851999968290329, 0.08370000123977661, 0.0674000009894371, 0.16300000250339508, 0.14090000092983246], "teacher": [0.9345999956130981, 0.9390999674797058, 0.9381999969482422, 0.9395999908447266, 0.9383999705314636, 0.9352999925613403, 0.9378999471664429, 0.937999963760376, 0.9375999569892883, 0.9384999871253967, 0.9329999685287476, 0.9370999932289124, 0.9364999532699585, 0.9399999976158142, 0.9396999478340149, 0.9373999834060669, 0.9394999742507935, 0.9388999938964844, 0.9359999895095825, 0.9343000054359436, 0.9346999526023865, 0.9418999552726746, 0.937999963760376, 0.9370999932289124, 0.9390999674797058], "student_aux": [0.4377000033855438, 0.44929999113082886, 0.5049999952316284, 0.4050999879837036, 0.3319999873638153, 0.5159000158309937, 0.2903999984264374, 0.4355999827384949, 0.36879998445510864, 0.37070000171661377, 0.41589999198913574, 0.4794999957084656, 0.4300999939441681, 0.34610000252723694, 0.5098999738693237, 0.3603000044822693, 0.344899982213974, 0.42159998416900635, 0.5310999751091003, 0.47909998893737793, 0.4610999822616577, 0.48739999532699585, 0.357699990272522, 0.4472000002861023, 0.6843999624252319], "student_all": [0.898099958896637, 0.8522999882698059, 0.8824999928474426, 0.8995999693870544, 0.9013999700546265, 0.9041000008583069, 0.9111999869346619, 0.8925999999046326, 0.8876999616622925, 0.9005999565124512, 0.858199954032898, 0.9182999730110168, 0.9041000008583069, 0.8898999691009521, 0.8944999575614929, 0.8953999876976013, 0.9049999713897705, 0.8888999819755554, 0.9150999784469604, 0.9078999757766724, 0.8863999843597412, 0.9004999995231628, 0.882099986076355, 0.9096999764442444, 0.911300003528595], "xmodel_aux": [0.10520000010728836, 0.10719999670982361, 0.08150000125169754, 0.08569999784231186, 0.09459999948740005, 0.10579999536275864, 0.1168999969959259, 0.09919999539852142, 0.13329999148845673, 0.08739999681711197, 0.08619999885559082, 0.05649999901652336, 0.09189999848604202, 0.10040000081062317, 0.12919999659061432, 0.07639999687671661, 0.10359999537467957, 0.09149999916553497, 0.07689999788999557, 0.11569999903440475, 0.10599999874830246, 0.10979999601840973, 0.10539999604225159, 0.11159999668598175, 0.10359999537467957], "xmodel_all": [0.7594999670982361, 0.6847999691963196, 0.6417999863624573, 0.7371999621391296, 0.7649999856948853, 0.7238999605178833, 0.7644000053405762, 0.6917999982833862, 0.612500011920929, 0.7411999702453613, 0.729200005531311, 0.7684999704360962, 0.7206999659538269, 0.644599974155426, 0.6549999713897705, 0.722000002861023, 0.6811999678611755, 0.7138999700546265, 0.7301999926567078, 0.7824999690055847, 0.6679999828338623, 0.7834999561309814, 0.6549999713897705, 0.7597999572753906, 0.7206999659538269],