{"config": {"n_models": 25, "seeds": [0, 1, 2], "width": 256, "depth": 2, "n_aux": 3, "epochs_teacher": 5, "epochs_distill": 1, "lr": 0.0003, "batch": 1024, "loss": "kl", "temp": 2.0, "noise": "uniform", "init_scale": 1.0, "eval_split": "val", "tag": "sweep_distill_epochs_1"}, "summary": {"reference": {"mean": 0.09916799768805505, "std": 0.0017034229715756502, "n_seeds": 3}, "teacher": {"mean": 0.9371839793523152, "std": 0.0006085778321052832, "n_seeds": 3}, "student_aux": {"mean": 0.1651959956685702, "std": 0.009895980018720928, "n_seeds": 3}, "student_all": {"mean": 0.5544319876035054, "std": 0.017016406728879163, "n_seeds": 3}, "xmodel_aux": {"mean": 0.09573066453138988, "std": 0.001913365463092443, "n_seeds": 3}, "xmodel_all": {"mean": 0.3047186591227849, "std": 0.00646105280954898, "n_seeds": 3}, "cos_aux_to_teacher": {"mean": 0.7052244901657104, "std": 0.0066614584972443935, "n_seeds": 3}}, "per_seed": {"0": {"reference": [0.09229999780654907, 0.19699999690055847, 0.10289999842643738, 0.04519999772310257, 0.0616999976336956, 0.09730000048875809, 0.08370000123977661, 0.08739999681711197, 0.07039999961853027, 0.1151999980211258, 0.1395999938249588, 0.09609999507665634, 0.09910000115633011, 0.17239999771118164, 0.07569999992847443, 0.11389999836683273, 0.1030999943614006, 0.0940999984741211, 0.10649999976158142, 0.10409999638795853, 0.10260000079870224, 0.09939999878406525, 0.1160999983549118, 0.05079999938607216, 0.1006999984383583], "teacher": [0.9384999871253967, 0.936199963092804, 0.9398999810218811, 0.9409999847412109, 0.939300000667572, 0.9383999705314636, 0.9362999796867371, 0.9383999705314636, 0.9312999844551086, 0.9330999851226807, 0.9364999532699585, 0.9376999735832214, 0.9362999796867371, 0.9376999735832214, 0.9362999796867371, 0.9369999766349792, 0.9402999877929688, 0.9375999569892883, 0.9381999969482422, 0.9330999851226807, 0.9334999918937683, 0.9381999969482422, 0.9386000037193298, 0.9388999938964844, 0.9438999891281128], "student_aux": [0.1274999976158142, 0.27129998803138733, 0.19589999318122864, 0.11409999430179596, 0.16599999368190765, 0.1404999941587448, 0.13769999146461487, 0.11989999562501907, 0.1525999903678894, 0.20600000023841858, 0.18649999797344208, 0.13979999721050262, 0.16429999470710754, 0.2929999828338623, 0.15479999780654907, 0.17239999771118164, 0.17090000212192535, 0.18289999663829803, 0.14869999885559082, 0.1858000010251999, 0.17829999327659607, 0.12439999729394913, 0.2175000011920929, 0.13989999890327454, 0.2321999967098236], "student_all": [0.3994999825954437, 0.6013000011444092, 0.4504999816417694, 0.48919999599456787, 0.5985999703407288, 0.5210999846458435, 0.6412000060081482, 0.6172999739646912, 0.5690000057220459, 0.4796999990940094, 0.5561000108718872, 0.6994999647140503, 0.6635000109672546, 0.6482999920845032, 0.5777999758720398, 0.5580999851226807, 0.6026999950408936, 0.5083999633789062, 0.5546999573707581, 0.7032999992370605, 0.5988999605178833, 0.5640000104904175, 0.6313999891281128, 0.6365999579429626, 0.4794999957084656], "xmodel_aux": [0.10679999738931656, 0.03579999879002571, 0.09910000115633011, 0.1573999971151352, 0.11169999837875366, 0.09950000047683716, 0.05179999768733978, 0.09910000115633011, 0.11499999463558197, 0.07589999586343765, 0.08659999817609787, 0.08240000158548355, 0.08739999681711197, 0.10740000009536743, 0.13050000369548798, 0.08709999918937683, 0.09849999845027924, 0.045499999076128006, 0.14810000360012054, 0.07999999821186066, 0.09470000118017197, 0.11229999363422394, 0.13859999179840088, 0.10300000011920929, 0.08469999581575394], "xmodel_all": [0.27799999713897705, 0.2653999924659729, 0.29440000653266907, 0.29829999804496765, 0.26319998502731323, 0.2726999819278717, 0.272599995136261, 0.2368999868631363, 0.11789999902248383, 0.20099999010562897, 0.2815999984741211, 0.2927999794483185, 0.4307999908924103, 0.38760000467300415, 0.272599995136261, 0.34919998049736023, 0.42569997906684875, 0.26819998025894165, 0.2337999939918518, 0.545199990272522, 0.33239999413490295, 0.296099990606308, 0.24120000004768372, 0.3555999994277954, 0.26669999957084656], "cos_aux_to_teacher": [0.7185276746749878, 0.7118021845817566, 0.7282475233078003, 0.6889500021934509, 0.7460202574729919, 0.6935131549835205, 0.6999948024749756, 0.7068498730659485, 0.7229952216148376, 0.7277195453643799, 0.7123416066169739, 0.7281699776649475, 0.7114623188972473, 0.7183240056037903, 0.7259548902511597, 0.7317696213722229, 0.7182399034500122, 0.7068904042243958, 0.7171034216880798, 0.6958029270172119, 0.6367374658584595, 0.6898112893104553, 0.7020531892776489, 0.7026189565658569, 0.7006062269210815]}, "1": {"reference": [0.05249999836087227, 0.08509999513626099, 0.10759999603033066, 0.08349999785423279, 0.09719999879598618, 0.09039999544620514, 0.12929999828338623, 0.10509999841451645, 0.11659999936819077, 0.09339999407529831, 0.10619999468326569, 0.10969999432563782, 0.0810999944806099, 0.10740000009536743, 0.15039999783039093, 0.09640000015497208, 0.07249999791383743, 0.06430000066757202, 0.09079999476671219, 0.08429999649524689, 0.0851999968290329, 0.08370000123977661, 0.0674000009894371, 0.16300000250339508, 0.14090000092983246], "teacher": [0.9345999956130981, 0.9390999674797058, 0.9381999969482422, 0.9395999908447266, 0.9383999705314636, 0.9352999925613403, 0.9378999471664429, 0.937999963760376, 0.9375999569892883, 0.9384999871253967, 0.9329999685287476, 0.9370999932289124, 0.9364999532699585, 0.9399999976158142, 0.9396999478340149, 0.9373999834060669, 0.9394999742507935, 0.9388999938964844, 0.9359999895095825, 0.9343000054359436, 0.9346999526023865, 0.9418999552726746, 0.937999963760376, 0.9370999932289124, 0.9390999674797058], "student_aux": [0.12889999151229858, 0.10849999636411667, 0.23359999060630798, 0.13040000200271606, 0.10080000013113022, 0.19999998807907104, 0.16049998998641968, 0.11959999799728394, 0.11149999499320984, 0.11869999766349792, 0.17970000207424164, 0.1881999969482422, 0.17350000143051147, 0.17489999532699585, 0.25360000133514404, 0.11779999732971191, 0.11169999837875366, 0.10889999568462372, 0.12809999287128448, 0.14649999141693115, 0.15809999406337738, 0.10889999568462372, 0.09449999779462814, 0.2434999942779541, 0.2505999803543091], "student_all": [0.5823000073432922, 0.5557000041007996, 0.45389997959136963, 0.5557000041007996, 0.5656999945640564, 0.6680999994277954, 0.5866999626159668, 0.5001999735832214, 0.49229997396469116, 0.44759997725486755, 0.5855000019073486, 0.6746999621391296, 0.5712000131607056, 0.41929998993873596, 0.4925999939441681, 0.42409998178482056, 0.5160999894142151, 0.5376999974250793, 0.5647000074386597, 0.6089000105857849, 0.4341999888420105, 0.7156999707221985, 0.4799000024795532, 0.6252999901771545, 0.521399974822998], "xmodel_aux": [0.09569999575614929, 0.1022999957203865, 0.0754999965429306, 0.06929999589920044, 0.06989999860525131, 0.10509999841451645, 0.12619999051094055, 0.10019999742507935, 0.12139999866485596, 0.08729999512434006, 0.09070000052452087, 0.06610000133514404, 0.0892999991774559, 0.09539999812841415, 0.121799997985363, 0.06939999759197235, 0.10339999943971634, 0.06960000097751617, 0.06589999794960022, 0.09059999883174896, 0.07899999618530273, 0.12189999967813492, 0.1062999963760376, 0.1233999952673912, 0.09779999405145645], "xmodel_all": [0.29829999804496765, 0.23330000042915344, 0.2924000024795532, 0.2717999815940857, 0.45249998569488525, 0.3662000000476837, 0.234499990940094, 0.2938999831676483, 0.22119998931884766, 0.30390000343322754, 0.3700000047683716, 0.3409999907016754, 0.33980000019073486, 0.17309999465942383, 0.3978999853134155, 0.28700000047683716, 0.3018999993801117, 0.36489999294281006, 0.36629998683929443, 0.34119999408721924, 0.13809999823570251, 0.3497999906539917, 0.29179999232292175, 0.3537999987602234, 0.19380000233650208],