{"config": {"n_models": 25, "seeds": [0, 1, 2], "width": 256, "depth": 2, "n_aux": 3, "epochs_teacher": 5, "epochs_distill": 10, "lr": 0.0003, "batch": 1024, "loss": "kl", "temp": 2.0, "noise": "uniform", "init_scale": 1.0, "eval_split": "val", "tag": "sweep_distill_epochs_10"}, "summary": {"reference": {"mean": 0.09916799768805505, "std": 0.0017034229715756502, "n_seeds": 3}, "teacher": {"mean": 0.9371839793523152, "std": 0.0006085778321052832, "n_seeds": 3}, "student_aux": {"mean": 0.5842119828859965, "std": 0.01921415030241551, "n_seeds": 3}, "student_all": {"mean": 0.9265933108329772, "std": 0.0014615188101952965, "n_seeds": 3}, "xmodel_aux": {"mean": 0.09907599702477454, "std": 0.0032203056137747356, "n_seeds": 3}, "xmodel_all": {"mean": 0.7732439843813578, "std": 0.00414376315678756, "n_seeds": 3}, "cos_aux_to_teacher": {"mean": 0.8622361834843953, "std": 0.00404303660326815, "n_seeds": 3}}, "per_seed": {"0": {"reference": [0.09229999780654907, 0.19699999690055847, 0.10289999842643738, 0.04519999772310257, 0.0616999976336956, 0.09730000048875809, 0.08370000123977661, 0.08739999681711197, 0.07039999961853027, 0.1151999980211258, 0.1395999938249588, 0.09609999507665634, 0.09910000115633011, 0.17239999771118164, 0.07569999992847443, 0.11389999836683273, 0.1030999943614006, 0.0940999984741211, 0.10649999976158142, 0.10409999638795853, 0.10260000079870224, 0.09939999878406525, 0.1160999983549118, 0.05079999938607216, 0.1006999984383583], "teacher": [0.9384999871253967, 0.936199963092804, 0.9398999810218811, 0.9409999847412109, 0.939300000667572, 0.9383999705314636, 0.9362999796867371, 0.9383999705314636, 0.9312999844551086, 0.9330999851226807, 0.9364999532699585, 0.9376999735832214, 0.9362999796867371, 0.9376999735832214, 0.9362999796867371, 0.9369999766349792, 0.9402999877929688, 0.9375999569892883, 0.9381999969482422, 0.9330999851226807, 0.9334999918937683, 0.9381999969482422, 0.9386000037193298, 0.9388999938964844, 0.9438999891281128], "student_aux": [0.41849997639656067, 0.6833999752998352, 0.6966999769210815, 0.49869999289512634, 0.7166999578475952, 0.6306999921798706, 0.6495999693870544, 0.6466000080108643, 0.5981000065803528, 0.5584999918937683, 0.7303000092506409, 0.4878000020980835, 0.5947999954223633, 0.6900999546051025, 0.6601999998092651, 0.48569998145103455, 0.6086999773979187, 0.493399977684021, 0.6722999811172485, 0.6642999649047852, 0.5532999634742737, 0.5503999590873718, 0.5769000053405762, 0.6324999928474426, 0.626800000667572], "student_all": [0.9318999648094177, 0.9325999617576599, 0.9269999861717224, 0.9307000041007996, 0.9303999543190002, 0.9264999628067017, 0.9221999645233154, 0.9289000034332275, 0.9228000044822693, 0.9200999736785889, 0.9276999831199646, 0.9284999966621399, 0.9244999885559082, 0.9283999800682068, 0.9259999990463257, 0.9300999641418457, 0.9251999855041504, 0.9281999468803406, 0.9302999973297119, 0.9254999756813049, 0.9244999885559082, 0.9302999973297119, 0.9274999499320984, 0.9304999709129333, 0.9274999499320984], "xmodel_aux": [0.11229999363422394, 0.03700000047683716, 0.11979999393224716, 0.11219999939203262, 0.09709999710321426, 0.11219999939203262, 0.07739999890327454, 0.10529999434947968, 0.12439999729394913, 0.07029999792575836, 0.09609999507665634, 0.05869999900460243, 0.0746999979019165, 0.09939999878406525, 0.14489999413490295, 0.09070000052452087, 0.10040000081062317, 0.09269999712705612, 0.12459999322891235, 0.08559999614953995, 0.0982000008225441, 0.11639999598264694, 0.12280000001192093, 0.1273999959230423, 0.0876999944448471], "xmodel_all": [0.8068999648094177, 0.7836999893188477, 0.7247999906539917, 0.7015999555587769, 0.7597000002861023, 0.8664000034332275, 0.7427999973297119, 0.734499990940094, 0.7468000054359436, 0.687999963760376, 0.8327999711036682, 0.7748000025749207, 0.7838000059127808, 0.7726999521255493, 0.7550999522209167, 0.7748000025749207, 0.6854999661445618, 0.8352999687194824, 0.7989999651908875, 0.8278999924659729, 0.7732999920845032, 0.8267999887466431, 0.8402000069618225, 0.7639999985694885, 0.6590999960899353], "cos_aux_to_teacher": [0.8710289001464844, 0.8744107484817505, 0.8550587892532349, 0.8473942875862122, 0.8855308294296265, 0.8518736958503723, 0.8640161752700806, 0.8534724116325378, 0.859843909740448, 0.8603788614273071, 0.8721413612365723, 0.8616703152656555, 0.8863014578819275, 0.8686743974685669, 0.8744605183601379, 0.8661314249038696, 0.8652914762496948, 0.8669118881225586, 0.8833550810813904, 0.8648374080657959, 0.8489606976509094, 0.8524253964424133, 0.863682210445404, 0.8499886393547058, 0.8727136254310608]}, "1": {"reference": [0.05249999836087227, 0.08509999513626099, 0.10759999603033066, 0.08349999785423279, 0.09719999879598618, 0.09039999544620514, 0.12929999828338623, 0.10509999841451645, 0.11659999936819077, 0.09339999407529831, 0.10619999468326569, 0.10969999432563782, 0.0810999944806099, 0.10740000009536743, 0.15039999783039093, 0.09640000015497208, 0.07249999791383743, 0.06430000066757202, 0.09079999476671219, 0.08429999649524689, 0.0851999968290329, 0.08370000123977661, 0.0674000009894371, 0.16300000250339508, 0.14090000092983246], "teacher": [0.9345999956130981, 0.9390999674797058, 0.9381999969482422, 0.9395999908447266, 0.9383999705314636, 0.9352999925613403, 0.9378999471664429, 0.937999963760376, 0.9375999569892883, 0.9384999871253967, 0.9329999685287476, 0.9370999932289124, 0.9364999532699585, 0.9399999976158142, 0.9396999478340149, 0.9373999834060669, 0.9394999742507935, 0.9388999938964844, 0.9359999895095825, 0.9343000054359436, 0.9346999526023865, 0.9418999552726746, 0.937999963760376, 0.9370999932289124, 0.9390999674797058], "student_aux": [0.6243999600410461, 0.5898999571800232, 0.6423999667167664, 0.5386999845504761, 0.5430999994277954, 0.6432999968528748, 0.4306999742984772, 0.602899968624115, 0.5837000012397766, 0.5419999957084656, 0.5507999658584595, 0.6053999662399292, 0.5304999947547913, 0.5188999772071838, 0.6054999828338623, 0.4860999882221222, 0.5443999767303467, 0.5264999866485596, 0.666700005531311, 0.6189000010490417, 0.5845999717712402, 0.6631999611854553, 0.5131999850273132, 0.5877000093460083, 0.7698000073432922], "student_all": [0.9241999983787537, 0.924299955368042, 0.9271999597549438, 0.9300999641418457, 0.9243999719619751, 0.9265999794006348, 0.9286999702453613, 0.9314000010490417, 0.9251999855041504, 0.9254999756813049, 0.920699954032898, 0.9312999844551086, 0.9301999807357788, 0.9305999875068665, 0.9279999732971191, 0.9250999689102173, 0.9292999505996704, 0.9257999658584595, 0.9291999936103821, 0.9268999695777893, 0.9230999946594238, 0.929099977016449, 0.9275999665260315, 0.9291999936103821, 0.9302999973297119], "xmodel_aux": [0.10179999470710754, 0.11789999902248383, 0.08469999581575394, 0.10409999638795853, 0.10989999771118164, 0.10520000010728836, 0.11499999463558197, 0.09259999543428421, 0.14229999482631683, 0.08720000088214874, 0.08739999681711197, 0.05289999768137932, 0.09519999474287033, 0.10189999639987946, 0.13339999318122864, 0.07919999957084656, 0.10359999537467957, 0.09339999407529831, 0.0762999951839447, 0.12379999458789825, 0.11829999834299088, 0.09809999912977219, 0.10920000076293945, 0.1054999977350235, 0.11219999939203262], "xmodel_all": [0.828499972820282, 0.7249000072479248, 0.7412999868392944, 0.7665999531745911, 0.835099995136261, 0.7803999781608582, 0.8316999673843384, 0.7368999719619751, 0.6893999576568604, 0.8223999738693237, 0.8065999746322632, 0.8209999799728394, 0.761900007724762, 0.7193999886512756, 0.7312999963760376, 0.7736999988555908, 0.7522000074386597, 0.8039000034332275, 0.7874000072479248, 0.8500999808311462, 0.7520999908447266, 0.8220999836921692, 0.7321000099182129, 0.7913999557495117, 0.7875999808311462],