{"config": {"n_models": 25, "seeds": [0, 1, 2], "width": 64, "depth": 2, "n_aux": 3, "epochs_teacher": 5, "epochs_distill": 5, "lr": 0.0003, "batch": 1024, "loss": "kl", "temp": 2.0, "noise": "uniform", "init_scale": 1.0, "eval_split": "val", "tag": "sweep_width_64"}, "summary": {"reference": {"mean": 0.10079333109160266, "std": 0.004765934471216292, "n_seeds": 3}, "teacher": {"mean": 0.908227976957957, "std": 0.0005641417864992544, "n_seeds": 3}, "student_aux": {"mean": 0.42280665596326195, "std": 0.0037843271960678886, "n_seeds": 3}, "student_all": {"mean": 0.8849999785423278, "std": 0.0009410703484046427, "n_seeds": 3}, "xmodel_aux": {"mean": 0.100117330600818, "std": 0.003767716253121084, "n_seeds": 3}, "xmodel_all": {"mean": 0.5658119865258535, "std": 0.015776122652968613, "n_seeds": 3}, "cos_aux_to_teacher": {"mean": 0.8862617135047913, "std": 0.0069491515966660835, "n_seeds": 3}}, "per_seed": {"0": {"reference": [0.10520000010728836, 0.08969999849796295, 0.10189999639987946, 0.10049999505281448, 0.10679999738931656, 0.0989999994635582, 0.05069999769330025, 0.14980000257492065, 0.13300000131130219, 0.07369999587535858, 0.08500000089406967, 0.07599999755620956, 0.08829999715089798, 0.08839999884366989, 0.11089999973773956, 0.08100000023841858, 0.12189999967813492, 0.08559999614953995, 0.11329999566078186, 0.09789999574422836, 0.11499999463558197, 0.1233999952673912, 0.11549999564886093, 0.0949999988079071, 0.09799999743700027], "teacher": [0.9120000004768372, 0.9077999591827393, 0.9070000052452087, 0.9042999744415283, 0.9126999974250793, 0.9053999781608582, 0.9084999561309814, 0.9060999751091003, 0.910099983215332, 0.9000999927520752, 0.9085999727249146, 0.9037999510765076, 0.9098999500274658, 0.9044999480247498, 0.9111999869346619, 0.9120000004768372, 0.9097999930381775, 0.9120999574661255, 0.9057999849319458, 0.9044999480247498, 0.9091999530792236, 0.9083999991416931, 0.9062999486923218, 0.9048999547958374, 0.9096999764442444], "student_aux": [0.6370999813079834, 0.6263999938964844, 0.2669999897480011, 0.27129998803138733, 0.3660999834537506, 0.5493999719619751, 0.2766999900341034, 0.2800999879837036, 0.3805999755859375, 0.555400013923645, 0.6466000080108643, 0.30649998784065247, 0.4236999750137329, 0.4152999818325043, 0.367499977350235, 0.33329999446868896, 0.5512999892234802, 0.42319998145103455, 0.5623999834060669, 0.22089999914169312, 0.3019999861717224, 0.5996999740600586, 0.33709999918937683, 0.498199999332428, 0.2683999836444855], "student_all": [0.8981999754905701, 0.8700000047683716, 0.8677999973297119, 0.8833000063896179, 0.8932999968528748, 0.8834999799728394, 0.8854999542236328, 0.8804000020027161, 0.8977999687194824, 0.8833000063896179, 0.877299964427948, 0.8758999705314636, 0.8973000049591064, 0.8755999803543091, 0.8640999794006348, 0.9027999639511108, 0.9010999798774719, 0.8966999650001526, 0.8835999965667725, 0.8877999782562256, 0.8930999636650085, 0.8815999627113342, 0.8956999778747559, 0.8776999711990356, 0.8876999616622925], "xmodel_aux": [0.02499999850988388, 0.0965999960899353, 0.10209999978542328, 0.09749999642372131, 0.08959999680519104, 0.04899999871850014, 0.10559999942779541, 0.08219999819993973, 0.10899999737739563, 0.10849999636411667, 0.1006999984383583, 0.10040000081062317, 0.08320000022649765, 0.0851999968290329, 0.14549998939037323, 0.07739999890327454, 0.10359999537467957, 0.0989999994635582, 0.093299999833107, 0.07909999787807465, 0.11180000007152557, 0.0965999960899353, 0.09860000014305115, 0.12159999459981918, 0.15519998967647552], "xmodel_all": [0.6093999743461609, 0.5363999605178833, 0.462799996137619, 0.701200008392334, 0.6043999791145325, 0.49779999256134033, 0.4174000024795532, 0.579800009727478, 0.6693999767303467, 0.499099999666214, 0.617900013923645, 0.5414000153541565, 0.4375999867916107, 0.5730999708175659, 0.4867999851703644, 0.5680999755859375, 0.7188999652862549, 0.5382999777793884, 0.6171000003814697, 0.5961999893188477, 0.6661999821662903, 0.5860999822616577, 0.6190999746322632, 0.4657999873161316, 0.536799967288971], "cos_aux_to_teacher": [0.8913559317588806, 0.8826743960380554, 0.8890841603279114, 0.8824590444564819, 0.8829187154769897, 0.908753514289856, 0.8935341835021973, 0.8849876523017883, 0.8581529855728149, 0.9235656261444092, 0.8793448805809021, 0.9036957025527954, 0.8908179402351379, 0.9049191474914551, 0.9018851518630981, 0.8840638399124146, 0.8768703937530518, 0.9058837890625, 0.8825194835662842, 0.8245468735694885, 0.9005202054977417, 0.901205837726593, 0.8406485915184021, 0.8887101411819458, 0.8686623573303223]}, "1": {"reference": [0.09989999979734421, 0.08980000019073486, 0.10719999670982361, 0.11329999566078186, 0.06780000030994415, 0.12289999425411224, 0.08540000021457672, 0.07329999655485153, 0.11069999635219574, 0.09919999539852142, 0.1639000028371811, 0.09299999475479126, 0.09730000048875809, 0.12269999831914902, 0.09129999577999115, 0.10539999604225159, 0.10009999573230743, 0.17970000207424164, 0.07259999960660934, 0.11859999597072601, 0.13319998979568481, 0.09779999405145645, 0.11710000038146973, 0.08649999648332596, 0.09679999947547913], "teacher": [0.9093999862670898, 0.9057999849319458, 0.9023000001907349, 0.9107999801635742, 0.9062999486923218, 0.9120999574661255, 0.9070999622344971, 0.9088000059127808, 0.9057999849319458, 0.9047999978065491, 0.9108999967575073, 0.9081999659538269, 0.9116999506950378, 0.9065999984741211, 0.9068999886512756, 0.9092999696731567, 0.9083999991416931, 0.9115999937057495, 0.9067999720573425, 0.9065999984741211, 0.9088999629020691, 0.9115999937057495, 0.9024999737739563, 0.9111999869346619, 0.9063999652862549], "student_aux": [0.4253000020980835, 0.4964999854564667, 0.448199987411499, 0.21299999952316284, 0.5119999647140503, 0.5812999606132507, 0.4919999837875366, 0.30410000681877136, 0.6288999915122986, 0.3111000061035156, 0.42809998989105225, 0.3326999843120575, 0.6116999983787537, 0.39469999074935913, 0.49379998445510864, 0.32749998569488525, 0.42170000076293945, 0.5192999839782715, 0.58160001039505, 0.3971000015735626, 0.26659998297691345, 0.4876999855041504, 0.2442999929189682, 0.5412999987602234, 0.13259999454021454], "student_all": [0.8904999494552612, 0.8973000049591064, 0.882599949836731, 0.8907999992370605, 0.8788999915122986, 0.9035999774932861, 0.8807999491691589, 0.8833999633789062, 0.895799994468689, 0.882599949836731, 0.899399995803833, 0.8883999586105347, 0.902999997138977, 0.8866999745368958, 0.8781999945640564, 0.8992999792098999, 0.8355000019073486, 0.9013999700546265, 0.895799994468689, 0.882599949836731, 0.8973000049591064, 0.8759999871253967, 0.8889999985694885, 0.88919997215271, 0.789900004863739], "xmodel_aux": [0.1006999984383583, 0.08549999445676804, 0.08869999647140503, 0.08529999852180481, 0.07729999721050262, 0.15039999783039093, 0.11679999530315399, 0.07149999588727951, 0.15029999613761902, 0.06769999861717224, 0.10779999941587448, 0.09049999713897705, 0.085999995470047, 0.09959999471902847, 0.14559999108314514, 0.17399999499320984, 0.0949999988079071, 0.0722000002861023, 0.1551000028848648, 0.12099999934434891, 0.10649999976158142, 0.09999999403953552, 0.08839999884366989, 0.07090000063180923, 0.09640000015497208], "xmodel_all": [0.3901999890804291, 0.5780999660491943, 0.5525999665260315, 0.5812000036239624, 0.5961999893188477, 0.47369998693466187, 0.5825999975204468, 0.6628999710083008, 0.7410999536514282, 0.4673999845981598, 0.45089998841285706, 0.459199994802475, 0.62909996509552, 0.4648999869823456, 0.6682999730110168, 0.6118999719619751, 0.5148000121116638, 0.6660000085830688, 0.5834000110626221, 0.43699997663497925, 0.4197999835014343, 0.6775000095367432, 0.6116999983787537, 0.5361999869346619, 0.39329999685287476],