{"config": {"n_models": 25, "seeds": [0, 1, 2], "width": 1024, "depth": 2, "n_aux": 3, "epochs_teacher": 5, "epochs_distill": 5, "lr": 0.0003, "batch": 1024, "loss": "kl", "temp": 2.0, "noise": "uniform", "init_scale": 1.0, "eval_split": "val", "tag": "sweep_width_1024"}, "summary": {"reference": {"mean": 0.10263199756542842, "std": 0.005515855002226429, "n_seeds": 3}, "teacher": {"mean": 0.963498637676239, "std": 8.693387483729816e-05, "n_seeds": 3}, "student_aux": {"mean": 0.21862932751576106, "std": 0.003686324003722991, "n_seeds": 3}, "student_all": {"mean": 0.7565759849548339, "std": 0.0016088458229532444, "n_seeds": 3}, "xmodel_aux": {"mean": 0.10031466414531072, "std": 0.006932585915610299, "n_seeds": 3}, "xmodel_all": {"mean": 0.5890186512470246, "std": 0.003524149124554487, "n_seeds": 3}, "cos_aux_to_teacher": {"mean": 0.6375973526636759, "std": 0.00020906244554549962, "n_seeds": 3}}, "per_seed": {"0": {"reference": [0.09759999811649323, 0.12849999964237213, 0.09139999747276306, 0.09600000083446503, 0.1266999989748001, 0.13979999721050262, 0.12529999017715454, 0.1437000036239624, 0.11069999635219574, 0.07609999924898148, 0.12639999389648438, 0.0876999944448471, 0.13669998943805695, 0.10239999741315842, 0.10119999945163727, 0.09569999575614929, 0.057499997317790985, 0.06309999525547028, 0.10939999669790268, 0.11599999666213989, 0.07440000027418137, 0.09519999474287033, 0.1542000025510788, 0.09510000050067902, 0.11109999567270279], "teacher": [0.9656999707221985, 0.9649999737739563, 0.9656999707221985, 0.9634999632835388, 0.9637999534606934, 0.9634999632835388, 0.9633999466896057, 0.9612999558448792, 0.9617999792098999, 0.962399959564209, 0.9646999835968018, 0.9659000039100647, 0.9646999835968018, 0.9602999687194824, 0.9621999859809875, 0.9660999774932861, 0.9641000032424927, 0.9641000032424927, 0.962399959564209, 0.9648999571800232, 0.9637999534606934, 0.9608999490737915, 0.9611999988555908, 0.964199960231781, 0.9614999890327454], "student_aux": [0.14949999749660492, 0.3021000027656555, 0.14270000159740448, 0.17549999058246613, 0.33069998025894165, 0.2336999922990799, 0.17249999940395355, 0.2685000002384186, 0.23829999566078186, 0.1818999946117401, 0.319599986076355, 0.24849998950958252, 0.15389999747276306, 0.19290000200271606, 0.2011999934911728, 0.1462000012397766, 0.27570000290870667, 0.15109999477863312, 0.19129998981952667, 0.21480000019073486, 0.22929999232292175, 0.1662999987602234, 0.27719998359680176, 0.25839999318122864, 0.21609999239444733], "student_all": [0.727899968624115, 0.8024999499320984, 0.7849000096321106, 0.7609999775886536, 0.8174999952316284, 0.7418000102043152, 0.8242999911308289, 0.7734000086784363, 0.7865999937057495, 0.7511999607086182, 0.7051999568939209, 0.722599983215332, 0.7853999733924866, 0.7227999567985535, 0.7972999811172485, 0.7487999796867371, 0.7687999606132507, 0.6804999709129333, 0.7026999592781067, 0.762999951839447, 0.7283999919891357, 0.7213000059127808, 0.7581999897956848, 0.7477999925613403, 0.7522000074386597], "xmodel_aux": [0.1362999975681305, 0.10179999470710754, 0.08760000020265579, 0.09789999574422836, 0.12879998981952667, 0.10589999705553055, 0.10019999742507935, 0.08289999514818192, 0.1160999983549118, 0.07639999687671661, 0.10859999805688858, 0.17790000140666962, 0.11319999396800995, 0.09399999678134918, 0.07589999586343765, 0.11089999973773956, 0.09219999611377716, 0.12459999322891235, 0.1354999989271164, 0.12049999833106995, 0.09889999777078629, 0.11429999768733978, 0.05909999832510948, 0.09009999781847, 0.12039999663829803], "xmodel_all": [0.5102999806404114, 0.6129999756813049, 0.6304999589920044, 0.6664999723434448, 0.6674000024795532, 0.5985999703407288, 0.5942999720573425, 0.5453999638557434, 0.6313999891281128, 0.5741999745368958, 0.5123000144958496, 0.5860999822616577, 0.5914999842643738, 0.545799970626831, 0.6132000088691711, 0.5411999821662903, 0.6268999576568604, 0.5516999959945679, 0.5620999932289124, 0.5726000070571899, 0.6046000123023987, 0.5827999711036682, 0.525600016117096, 0.5934999585151672, 0.6329999566078186], "cos_aux_to_teacher": [0.6288224458694458, 0.635129451751709, 0.63148033618927, 0.627858579158783, 0.6346246004104614, 0.6413023471832275, 0.6548815369606018, 0.6393011808395386, 0.6367532014846802, 0.6162317395210266, 0.6366309523582458, 0.6429587006568909, 0.6266363263130188, 0.629112184047699, 0.6147242784500122, 0.6445850729942322, 0.655103862285614, 0.6212576031684875, 0.6492339968681335, 0.634244441986084, 0.6515330672264099, 0.6495057940483093, 0.6370219588279724, 0.666608989238739, 0.6361877918243408]}, "1": {"reference": [0.10319999605417252, 0.08819999545812607, 0.07069999724626541, 0.08579999953508377, 0.10779999941587448, 0.1127999946475029, 0.093299999833107, 0.08689999580383301, 0.08559999614953995, 0.11719999462366104, 0.07759999483823776, 0.06520000100135803, 0.0973999947309494, 0.09839999675750732, 0.10260000079870224, 0.1631999909877777, 0.09690000116825104, 0.08579999953508377, 0.10689999908208847, 0.10759999603033066, 0.08419999480247498, 0.10159999877214432, 0.0722000002861023, 0.09910000115633011, 0.09759999811649323], "teacher": [0.9655999541282654, 0.963699996471405, 0.9649999737739563, 0.9643999934196472, 0.9626999497413635, 0.9630999565124512, 0.9606999754905701, 0.9652999639511108, 0.960599958896637, 0.9620999693870544, 0.9614999890327454, 0.9637999534606934, 0.9660999774932861, 0.9627999663352966, 0.965399980545044, 0.9617999792098999, 0.9633999466896057, 0.9643999934196472, 0.9638999700546265, 0.9627999663352966, 0.9648999571800232, 0.964199960231781, 0.9635999798774719, 0.9644999504089355, 0.9591999650001526], "student_aux": [0.23669999837875366, 0.2653000056743622, 0.1834999918937683, 0.22769999504089355, 0.14259999990463257, 0.21209999918937683, 0.19299998879432678, 0.29490000009536743, 0.24569998681545258, 0.28200000524520874, 0.21969999372959137, 0.19779999554157257, 0.19999998807907104, 0.1412999927997589, 0.2635999917984009, 0.3382999897003174, 0.24159999191761017, 0.19209998846054077, 0.2110999971628189, 0.2782000005245209, 0.14190000295639038, 0.11369999498128891, 0.17880000174045563, 0.20489999651908875, 0.1841999888420105], "student_all": [0.8657000064849854, 0.7466999888420105, 0.7540000081062317, 0.7493000030517578, 0.777999997138977, 0.7443000078201294, 0.7706999778747559, 0.7389000058174133, 0.7466999888420105, 0.7067999839782715, 0.7050999999046326, 0.7572000026702881, 0.7340999841690063, 0.7148999571800232, 0.7949000000953674, 0.7591999769210815, 0.7206000089645386, 0.7562999725341797, 0.7470999956130981, 0.758899986743927, 0.8044999837875366, 0.7687000036239624, 0.8273999691009521, 0.750499963760376, 0.7558000087738037], "xmodel_aux": [0.06679999828338623, 0.06430000066757202, 0.07069999724626541, 0.09829999506473541, 0.10119999945163727, 0.10859999805688858, 0.0908999964594841, 0.09759999811649323, 0.18379999697208405, 0.08129999786615372, 0.04969999939203262, 0.07180000096559525, 0.09279999881982803, 0.11620000004768372, 0.10359999537467957, 0.10769999772310257, 0.11490000039339066, 0.07569999992847443, 0.10939999669790268, 0.11140000075101852, 0.1054999977350235, 0.10369999706745148, 0.061799999326467514, 0.07090000063180923, 0.06659999489784241], "xmodel_all": [0.63919997215271, 0.6062999963760376, 0.5852999687194824, 0.5698999762535095, 0.6342999935150146, 0.6140999794006348, 0.6468999981880188, 0.6290000081062317, 0.5206999778747559, 0.5507999658584595, 0.6029999852180481, 0.5936999917030334, 0.5587999820709229, 0.5471999645233154, 0.5180999636650085, 0.5579000115394592, 0.5950999855995178, 0.6044999957084656, 0.5870999693870544, 0.6086999773979187, 0.6191999912261963, 0.640500009059906, 0.5924000144004822, 0.5855000019073486, 0.6189999580383301],