{"config": {"n_models": 25, "seeds": [0, 1, 2], "width": 256, "depth": 2, "n_aux": 3, "epochs_teacher": 5, "epochs_distill": 0, "lr": 0.0003, "batch": 1024, "loss": "kl", "temp": 2.0, "noise": "uniform", "init_scale": 1.0, "eval_split": "val", "tag": "sweep_distill_epochs_0"}, "summary": {"reference": {"mean": 0.09916799768805505, "std": 0.0017034229715756502, "n_seeds": 3}, "teacher": {"mean": 0.9371839793523152, "std": 0.0006085778321052832, "n_seeds": 3}, "student_aux": {"mean": 0.09916799768805505, "std": 0.0017034229715756502, "n_seeds": 3}, "student_all": {"mean": 0.09916799768805505, "std": 0.0017034229715756502, "n_seeds": 3}, "xmodel_aux": {"mean": 0.09916799768805505, "std": 0.0017034229715756502, "n_seeds": 3}, "xmodel_all": {"mean": 0.09916799768805505, "std": 0.0017034229715756502, "n_seeds": 3}, "cos_aux_to_teacher": {"mean": 0.6443773690859477, "std": 0.0037801896103811395, "n_seeds": 3}}, "per_seed": {"0": {"reference": [0.09229999780654907, 0.19699999690055847, 0.10289999842643738, 0.04519999772310257, 0.0616999976336956, 0.09730000048875809, 0.08370000123977661, 0.08739999681711197, 0.07039999961853027, 0.1151999980211258, 0.1395999938249588, 0.09609999507665634, 0.09910000115633011, 0.17239999771118164, 0.07569999992847443, 0.11389999836683273, 0.1030999943614006, 0.0940999984741211, 0.10649999976158142, 0.10409999638795853, 0.10260000079870224, 0.09939999878406525, 0.1160999983549118, 0.05079999938607216, 0.1006999984383583], "teacher": [0.9384999871253967, 0.936199963092804, 0.9398999810218811, 0.9409999847412109, 0.939300000667572, 0.9383999705314636, 0.9362999796867371, 0.9383999705314636, 0.9312999844551086, 0.9330999851226807, 0.9364999532699585, 0.9376999735832214, 0.9362999796867371, 0.9376999735832214, 0.9362999796867371, 0.9369999766349792, 0.9402999877929688, 0.9375999569892883, 0.9381999969482422, 0.9330999851226807, 0.9334999918937683, 0.9381999969482422, 0.9386000037193298, 0.9388999938964844, 0.9438999891281128], "student_aux": [0.09229999780654907, 0.19699999690055847, 0.10289999842643738, 0.04519999772310257, 0.0616999976336956, 0.09730000048875809, 0.08370000123977661, 0.08739999681711197, 0.07039999961853027, 0.1151999980211258, 0.1395999938249588, 0.09609999507665634, 0.09910000115633011, 0.17239999771118164, 0.07569999992847443, 0.11389999836683273, 0.1030999943614006, 0.0940999984741211, 0.10649999976158142, 0.10409999638795853, 0.10260000079870224, 0.09939999878406525, 0.1160999983549118, 0.05079999938607216, 0.1006999984383583], "student_all": [0.09229999780654907, 0.19699999690055847, 0.10289999842643738, 0.04519999772310257, 0.0616999976336956, 0.09730000048875809, 0.08370000123977661, 0.08739999681711197, 0.07039999961853027, 0.1151999980211258, 0.1395999938249588, 0.09609999507665634, 0.09910000115633011, 0.17239999771118164, 0.07569999992847443, 0.11389999836683273, 0.1030999943614006, 0.0940999984741211, 0.10649999976158142, 0.10409999638795853, 0.10260000079870224, 0.09939999878406525, 0.1160999983549118, 0.05079999938607216, 0.1006999984383583], "xmodel_aux": [0.08739999681711197, 0.05079999938607216, 0.10649999976158142, 0.19699999690055847, 0.1151999980211258, 0.09910000115633011, 0.04519999772310257, 0.1006999984383583, 0.10409999638795853, 0.1030999943614006, 0.07039999961853027, 0.09229999780654907, 0.10260000079870224, 0.11389999836683273, 0.1160999983549118, 0.09730000048875809, 0.10289999842643738, 0.0616999976336956, 0.17239999771118164, 0.07569999992847443, 0.09939999878406525, 0.09609999507665634, 0.1395999938249588, 0.0940999984741211, 0.08370000123977661], "xmodel_all": [0.08739999681711197, 0.05079999938607216, 0.10649999976158142, 0.19699999690055847, 0.1151999980211258, 0.09910000115633011, 0.04519999772310257, 0.1006999984383583, 0.10409999638795853, 0.1030999943614006, 0.07039999961853027, 0.09229999780654907, 0.10260000079870224, 0.11389999836683273, 0.1160999983549118, 0.09730000048875809, 0.10289999842643738, 0.0616999976336956, 0.17239999771118164, 0.07569999992847443, 0.09939999878406525, 0.09609999507665634, 0.1395999938249588, 0.0940999984741211, 0.08370000123977661], "cos_aux_to_teacher": [0.6326485276222229, 0.6476324200630188, 0.6601117253303528, 0.6375278830528259, 0.6992692351341248, 0.6467682123184204, 0.6270493865013123, 0.6379528045654297, 0.6767656803131104, 0.6909646987915039, 0.6524143218994141, 0.6691728234291077, 0.6541347503662109, 0.6353428363800049, 0.6612783074378967, 0.6796824932098389, 0.6478700637817383, 0.638316810131073, 0.6463518142700195, 0.6313630938529968, 0.5628072023391724, 0.629508376121521, 0.623828113079071, 0.683038055896759, 0.6312811970710754]}, "1": {"reference": [0.05249999836087227, 0.08509999513626099, 0.10759999603033066, 0.08349999785423279, 0.09719999879598618, 0.09039999544620514, 0.12929999828338623, 0.10509999841451645, 0.11659999936819077, 0.09339999407529831, 0.10619999468326569, 0.10969999432563782, 0.0810999944806099, 0.10740000009536743, 0.15039999783039093, 0.09640000015497208, 0.07249999791383743, 0.06430000066757202, 0.09079999476671219, 0.08429999649524689, 0.0851999968290329, 0.08370000123977661, 0.0674000009894371, 0.16300000250339508, 0.14090000092983246], "teacher": [0.9345999956130981, 0.9390999674797058, 0.9381999969482422, 0.9395999908447266, 0.9383999705314636, 0.9352999925613403, 0.9378999471664429, 0.937999963760376, 0.9375999569892883, 0.9384999871253967, 0.9329999685287476, 0.9370999932289124, 0.9364999532699585, 0.9399999976158142, 0.9396999478340149, 0.9373999834060669, 0.9394999742507935, 0.9388999938964844, 0.9359999895095825, 0.9343000054359436, 0.9346999526023865, 0.9418999552726746, 0.937999963760376, 0.9370999932289124, 0.9390999674797058], "student_aux": [0.05249999836087227, 0.08509999513626099, 0.10759999603033066, 0.08349999785423279, 0.09719999879598618, 0.09039999544620514, 0.12929999828338623, 0.10509999841451645, 0.11659999936819077, 0.09339999407529831, 0.10619999468326569, 0.10969999432563782, 0.0810999944806099, 0.10740000009536743, 0.15039999783039093, 0.09640000015497208, 0.07249999791383743, 0.06430000066757202, 0.09079999476671219, 0.08429999649524689, 0.0851999968290329, 0.08370000123977661, 0.0674000009894371, 0.16300000250339508, 0.14090000092983246], "student_all": [0.05249999836087227, 0.08509999513626099, 0.10759999603033066, 0.08349999785423279, 0.09719999879598618, 0.09039999544620514, 0.12929999828338623, 0.10509999841451645, 0.11659999936819077, 0.09339999407529831, 0.10619999468326569, 0.10969999432563782, 0.0810999944806099, 0.10740000009536743, 0.15039999783039093, 0.09640000015497208, 0.07249999791383743, 0.06430000066757202, 0.09079999476671219, 0.08429999649524689, 0.0851999968290329, 0.08370000123977661, 0.0674000009894371, 0.16300000250339508, 0.14090000092983246], "xmodel_aux": [0.08349999785423279, 0.10969999432563782, 0.06430000066757202, 0.10619999468326569, 0.09039999544620514, 0.10509999841451645, 0.16300000250339508, 0.09719999879598618, 0.14090000092983246, 0.08370000123977661, 0.09079999476671219, 0.0851999968290329, 0.08429999649524689, 0.09640000015497208, 0.08509999513626099, 0.0674000009894371, 0.15039999783039093, 0.0810999944806099, 0.07249999791383743, 0.09339999407529831, 0.05249999836087227, 0.11659999936819077, 0.10740000009536743, 0.12929999828338623, 0.10759999603033066], "xmodel_all": [0.08349999785423279, 0.10969999432563782, 0.06430000066757202, 0.10619999468326569, 0.09039999544620514, 0.10509999841451645, 0.16300000250339508, 0.09719999879598618, 0.14090000092983246, 0.08370000123977661, 0.09079999476671219, 0.0851999968290329, 0.08429999649524689, 0.09640000015497208, 0.08509999513626099, 0.0674000009894371, 0.15039999783039093, 0.0810999944806099, 0.07249999791383743, 0.09339999407529831, 0.05249999836087227, 0.11659999936819077, 0.10740000009536743, 0.12929999828338623, 0.10759999603033066],