{"config": {"n_models": 25, "seeds": [0, 1, 2], "width": 256, "depth": 2, "n_aux": 3, "epochs_teacher": 5, "epochs_distill": 5, "lr": 0.0003, "batch": 1024, "loss": "kl", "temp": 2.0, "noise": "uniform", "init_scale": 0.5, "eval_split": "val", "tag": "sweep_init_scale_0.5"}, "summary": {"reference": {"mean": 0.09916799768805505, "std": 0.0017034229715756502, "n_seeds": 3}, "teacher": {"mean": 0.9185999782880147, "std": 0.0002640280434042699, "n_seeds": 3}, "student_aux": {"mean": 0.32282265851895015, "std": 0.018176558853253224, "n_seeds": 3}, "student_all": {"mean": 0.9097693101565043, "std": 0.0002640133929152026, "n_seeds": 3}, "xmodel_aux": {"mean": 0.10029066414882738, "std": 0.00715883483864115, "n_seeds": 3}, "xmodel_all": {"mean": 0.9053213119506837, "std": 0.0008496618449199368, "n_seeds": 3}, "cos_aux_to_teacher": {"mean": 0.6953980112075806, "std": 0.01475024936878103, "n_seeds": 3}}, "per_seed": {"0": {"reference": [0.09229999780654907, 0.19699999690055847, 0.10289999842643738, 0.04519999772310257, 0.0616999976336956, 0.09730000048875809, 0.08370000123977661, 0.08739999681711197, 0.07039999961853027, 0.1151999980211258, 0.1395999938249588, 0.09609999507665634, 0.09910000115633011, 0.17239999771118164, 0.07569999992847443, 0.11389999836683273, 0.1030999943614006, 0.0940999984741211, 0.10649999976158142, 0.10409999638795853, 0.10260000079870224, 0.09939999878406525, 0.1160999983549118, 0.05079999938607216, 0.1006999984383583], "teacher": [0.9158999919891357, 0.9185000061988831, 0.9192999601364136, 0.9217000007629395, 0.9174999594688416, 0.9188999533653259, 0.918999969959259, 0.9210999608039856, 0.9154999852180481, 0.9181999564170837, 0.9180999994277954, 0.9168999791145325, 0.9196999669075012, 0.9196999669075012, 0.9199000000953674, 0.9195999503135681, 0.9187999963760376, 0.9169999957084656, 0.9161999821662903, 0.9172999858856201, 0.9168999791145325, 0.918999969959259, 0.9193999767303467, 0.9178999662399292, 0.9186999797821045], "student_aux": [0.1485999971628189, 0.4172999858856201, 0.44349998235702515, 0.359499990940094, 0.396699994802475, 0.22699999809265137, 0.3319000005722046, 0.23179998993873596, 0.351500004529953, 0.39419999718666077, 0.3540000021457672, 0.11329999566078186, 0.35339999198913574, 0.37469998002052307, 0.33660000562667847, 0.2992999851703644, 0.4518999755382538, 0.3093999922275543, 0.3928999900817871, 0.30559998750686646, 0.2775999903678894, 0.1152999997138977, 0.32189998030662537, 0.32979997992515564, 0.4845999777317047], "student_all": [0.913100004196167, 0.9127999544143677, 0.9104999899864197, 0.9095999598503113, 0.9113999605178833, 0.9114999771118164, 0.9086999893188477, 0.9072999954223633, 0.904699981212616, 0.9044999480247498, 0.9095999598503113, 0.9113999605178833, 0.9106999635696411, 0.9107999801635742, 0.9055999517440796, 0.9131999611854553, 0.9084999561309814, 0.9124999642372131, 0.9085999727249146, 0.9103999733924866, 0.9042999744415283, 0.9138000011444092, 0.9089999794960022, 0.9113999605178833, 0.9036999940872192], "xmodel_aux": [0.12399999797344208, 0.0681999996304512, 0.13459999859333038, 0.11840000003576279, 0.08339999616146088, 0.12529999017715454, 0.14329999685287476, 0.1251000016927719, 0.05570000037550926, 0.09939999878406525, 0.028699999675154686, 0.08649999648332596, 0.07750000059604645, 0.11759999394416809, 0.17069999873638153, 0.1200999990105629, 0.19949999451637268, 0.1453000009059906, 0.09079999476671219, 0.10679999738931656, 0.09789999574422836, 0.08869999647140503, 0.10539999604225159, 0.1022999957203865, 0.08659999817609787], "xmodel_all": [0.9084999561309814, 0.9088999629020691, 0.9034000039100647, 0.9062999486923218, 0.9102999567985535, 0.9024999737739563, 0.902899980545044, 0.8955000042915344, 0.8937000036239624, 0.8971999883651733, 0.9068999886512756, 0.9111999869346619, 0.9039999842643738, 0.9067999720573425, 0.9014999866485596, 0.9091999530792236, 0.9017999768257141, 0.9102999567985535, 0.9074999690055847, 0.9089999794960022, 0.8988999724388123, 0.9079999923706055, 0.9088999629020691, 0.9049999713897705, 0.8976999521255493], "cos_aux_to_teacher": [0.7105340361595154, 0.7102029323577881, 0.7065719366073608, 0.669173002243042, 0.7160587906837463, 0.7058802843093872, 0.7119550704956055, 0.7032082080841064, 0.6735211610794067, 0.694421648979187, 0.6789624691009521, 0.6633538603782654, 0.7187592387199402, 0.7420144081115723, 0.7144712805747986, 0.729505717754364, 0.7198318839073181, 0.6972286105155945, 0.7188388705253601, 0.7291441559791565, 0.7232335805892944, 0.7018307447433472, 0.7436609268188477, 0.6662787199020386, 0.7435006499290466]}, "1": {"reference": [0.05249999836087227, 0.08509999513626099, 0.10759999603033066, 0.08349999785423279, 0.09719999879598618, 0.09039999544620514, 0.12929999828338623, 0.10509999841451645, 0.11659999936819077, 0.09339999407529831, 0.10619999468326569, 0.10969999432563782, 0.0810999944806099, 0.10740000009536743, 0.15039999783039093, 0.09640000015497208, 0.07249999791383743, 0.06430000066757202, 0.09079999476671219, 0.08429999649524689, 0.0851999968290329, 0.08370000123977661, 0.0674000009894371, 0.16300000250339508, 0.14090000092983246], "teacher": [0.9180999994277954, 0.9218999743461609, 0.9154999852180481, 0.9178999662399292, 0.9202999472618103, 0.9190999865531921, 0.9180999994277954, 0.9233999848365784, 0.9199999570846558, 0.9167999625205994, 0.9167999625205994, 0.9196999669075012, 0.9186999797821045, 0.920799970626831, 0.9182999730110168, 0.9185999631881714, 0.9180999994277954, 0.9199999570846558, 0.9172999858856201, 0.9156999588012695, 0.9174000024795532, 0.9196999669075012, 0.91839998960495, 0.9211999773979187, 0.920799970626831], "student_aux": [0.43709999322891235, 0.3052999973297119, 0.43140000104904175, 0.271699994802475, 0.40539997816085815, 0.36089998483657837, 0.24219998717308044, 0.37039998173713684, 0.32659998536109924, 0.1274999976158142, 0.26019999384880066, 0.24709999561309814, 0.35169997811317444, 0.42899999022483826, 0.35199999809265137, 0.35439997911453247, 0.24159999191761017, 0.15799999237060547, 0.6437000036239624, 0.313400000333786, 0.13570000231266022, 0.48169997334480286, 0.19419999420642853, 0.42649999260902405, 0.6291999816894531], "student_all": [0.9116999506950378, 0.9077000021934509, 0.902999997138977, 0.9095999598503113, 0.9099999666213989, 0.9101999998092651, 0.9121999740600586, 0.9109999537467957, 0.9102999567985535, 0.9102999567985535, 0.9103999733924866, 0.9126999974250793, 0.9110999703407288, 0.911300003528595, 0.9086999893188477, 0.9078999757766724, 0.9075999855995178, 0.9059000015258789, 0.9120999574661255, 0.9067999720573425, 0.9088999629020691, 0.9079999923706055, 0.9101999998092651, 0.9125999808311462, 0.9140999913215637], "xmodel_aux": [0.06579999625682831, 0.10209999978542328, 0.10179999470710754, 0.10499999672174454, 0.1362999975681305, 0.1070999950170517, 0.06659999489784241, 0.15139999985694885, 0.010699999518692493, 0.08659999817609787, 0.023399999365210533, 0.07970000058412552, 0.0997999981045723, 0.0851999968290329, 0.1761000007390976, 0.07360000163316727, 0.10359999537467957, 0.1005999967455864, 0.08659999817609787, 0.09749999642372131, 0.11559999734163284, 0.09649999439716339, 0.09369999915361404, 0.10209999978542328, 0.08219999819993973], "xmodel_all": [0.9077000021934509, 0.897599995136261, 0.8937999606132507, 0.9078999757766724, 0.90829998254776, 0.9079999923706055, 0.911300003528595, 0.899899959564209, 0.9074999690055847, 0.9047999978065491, 0.910099983215332, 0.9088000059127808, 0.9059000015258789, 0.9010999798774719, 0.9041999578475952, 0.9023999571800232, 0.9021999835968018, 0.9056999683380127, 0.9077000021934509, 0.9049999713897705, 0.9010999798774719, 0.9038999676704407, 0.9034000039100647, 0.9071999788284302, 0.9108999967575073],