{"config": {"n_models": 25, "seeds": [0, 1, 2], "width": 256, "depth": 2, "n_aux": 3, "epochs_teacher": 5, "epochs_distill": 5, "lr": 0.0003, "batch": 1024, "loss": "kl_temp", "temp": 2.0, "noise": "uniform", "init_scale": 1.0, "eval_split": "val", "tag": "sweep_loss_kl_temp"}, "summary": {"reference": {"mean": 0.09916799768805505, "std": 0.0017034229715756502, "n_seeds": 3}, "teacher": {"mean": 0.9371839793523152, "std": 0.0006085778321052832, "n_seeds": 3}, "student_aux": {"mean": 0.45503599027792613, "std": 0.02773413743218453, "n_seeds": 3}, "student_all": {"mean": 0.8992653091748556, "std": 0.0023695292068805977, "n_seeds": 3}, "xmodel_aux": {"mean": 0.09715066408117612, "std": 0.0023287745518077744, "n_seeds": 3}, "xmodel_all": {"mean": 0.7107626501719156, "std": 0.004020327431788603, "n_seeds": 3}, "cos_aux_to_teacher": {"mean": 0.8273307784398396, "std": 0.0048561406601561885, "n_seeds": 3}}, "per_seed": {"0": {"reference": [0.09229999780654907, 0.19699999690055847, 0.10289999842643738, 0.04519999772310257, 0.0616999976336956, 0.09730000048875809, 0.08370000123977661, 0.08739999681711197, 0.07039999961853027, 0.1151999980211258, 0.1395999938249588, 0.09609999507665634, 0.09910000115633011, 0.17239999771118164, 0.07569999992847443, 0.11389999836683273, 0.1030999943614006, 0.0940999984741211, 0.10649999976158142, 0.10409999638795853, 0.10260000079870224, 0.09939999878406525, 0.1160999983549118, 0.05079999938607216, 0.1006999984383583], "teacher": [0.9384999871253967, 0.936199963092804, 0.9398999810218811, 0.9409999847412109, 0.939300000667572, 0.9383999705314636, 0.9362999796867371, 0.9383999705314636, 0.9312999844551086, 0.9330999851226807, 0.9364999532699585, 0.9376999735832214, 0.9362999796867371, 0.9376999735832214, 0.9362999796867371, 0.9369999766349792, 0.9402999877929688, 0.9375999569892883, 0.9381999969482422, 0.9330999851226807, 0.9334999918937683, 0.9381999969482422, 0.9386000037193298, 0.9388999938964844, 0.9438999891281128], "student_aux": [0.2768000066280365, 0.57669997215271, 0.5870000123977661, 0.39739999175071716, 0.6241999864578247, 0.4772000014781952, 0.5349000096321106, 0.5018999576568604, 0.4746999740600586, 0.4666000008583069, 0.5697000026702881, 0.32670000195503235, 0.5034999847412109, 0.5824999809265137, 0.576200008392334, 0.40539997816085815, 0.46629998087882996, 0.4219000041484833, 0.5309000015258789, 0.5144999623298645, 0.41110000014305115, 0.4068000018596649, 0.46299999952316284, 0.5378999710083008, 0.5417999625205994], "student_all": [0.9196999669075012, 0.9098999500274658, 0.8919999599456787, 0.9088999629020691, 0.902999997138977, 0.91239994764328, 0.9001999497413635, 0.8984999656677246, 0.9005999565124512, 0.8662999868392944, 0.9057999849319458, 0.916700005531311, 0.8855999708175659, 0.9021999835968018, 0.9078999757766724, 0.9110999703407288, 0.8499000072479248, 0.911899983882904, 0.9151999950408936, 0.910099983215332, 0.9088999629020691, 0.8884999752044678, 0.8987999558448792, 0.9152999520301819, 0.8948999643325806], "xmodel_aux": [0.11369999498128891, 0.03359999880194664, 0.10520000010728836, 0.12680000066757202, 0.10199999809265137, 0.10859999805688858, 0.07440000027418137, 0.1030999943614006, 0.12449999898672104, 0.06289999932050705, 0.08569999784231186, 0.0608999989926815, 0.07429999858140945, 0.10260000079870224, 0.142099991440773, 0.09219999611377716, 0.10499999672174454, 0.07090000063180923, 0.13050000369548798, 0.09009999781847, 0.09699999541044235, 0.11289999634027481, 0.13040000200271606, 0.11789999902248383, 0.08479999750852585], "xmodel_all": [0.5945000052452087, 0.7013999819755554, 0.664900004863739, 0.6194999814033508, 0.7391999959945679, 0.7838999629020691, 0.7095999717712402, 0.6672999858856201, 0.6710999608039856, 0.588699996471405, 0.7542999982833862, 0.7148999571800232, 0.765500009059906, 0.7512999773025513, 0.6937999725341797, 0.7321000099182129, 0.6754999756813049, 0.7468999624252319, 0.7261999845504761, 0.78329998254776, 0.7549999952316284, 0.7694000005722046, 0.7936999797821045, 0.7130999565124512, 0.5885999798774719], "cos_aux_to_teacher": [0.838910698890686, 0.8404224514961243, 0.824661910533905, 0.812801718711853, 0.8553996682167053, 0.8155473470687866, 0.8259950876235962, 0.8176400661468506, 0.8330972194671631, 0.8261847496032715, 0.8381789922714233, 0.8290723562240601, 0.8526632785797119, 0.8358908891677856, 0.8426400423049927, 0.8329650163650513, 0.8362312316894531, 0.8343902230262756, 0.8493686318397522, 0.8278532028198242, 0.8025317192077637, 0.816218912601471, 0.8305761218070984, 0.8145277500152588, 0.8365846276283264]}, "1": {"reference": [0.05249999836087227, 0.08509999513626099, 0.10759999603033066, 0.08349999785423279, 0.09719999879598618, 0.09039999544620514, 0.12929999828338623, 0.10509999841451645, 0.11659999936819077, 0.09339999407529831, 0.10619999468326569, 0.10969999432563782, 0.0810999944806099, 0.10740000009536743, 0.15039999783039093, 0.09640000015497208, 0.07249999791383743, 0.06430000066757202, 0.09079999476671219, 0.08429999649524689, 0.0851999968290329, 0.08370000123977661, 0.0674000009894371, 0.16300000250339508, 0.14090000092983246], "teacher": [0.9345999956130981, 0.9390999674797058, 0.9381999969482422, 0.9395999908447266, 0.9383999705314636, 0.9352999925613403, 0.9378999471664429, 0.937999963760376, 0.9375999569892883, 0.9384999871253967, 0.9329999685287476, 0.9370999932289124, 0.9364999532699585, 0.9399999976158142, 0.9396999478340149, 0.9373999834060669, 0.9394999742507935, 0.9388999938964844, 0.9359999895095825, 0.9343000054359436, 0.9346999526023865, 0.9418999552726746, 0.937999963760376, 0.9370999932289124, 0.9390999674797058], "student_aux": [0.4495999813079834, 0.4404999911785126, 0.5072000026702881, 0.4077000021934509, 0.3384999930858612, 0.5249999761581421, 0.29189997911453247, 0.44919997453689575, 0.382099986076355, 0.3764999806880951, 0.4171999990940094, 0.4778999984264374, 0.43059998750686646, 0.35249999165534973, 0.5148000121116638, 0.36239999532699585, 0.3610000014305115, 0.4294999837875366, 0.538599967956543, 0.4869000017642975, 0.468999981880188, 0.4932999908924103, 0.3601999878883362, 0.46239998936653137, 0.6847000122070312], "student_all": [0.9016000032424927, 0.8711999654769897, 0.8902999758720398, 0.9061999917030334, 0.9023999571800232, 0.9056999683380127, 0.9129999876022339, 0.8962999582290649, 0.8930000066757202, 0.9041999578475952, 0.8646000027656555, 0.9186999797821045, 0.9060999751091003, 0.8944999575614929, 0.8949999809265137, 0.8978999853134155, 0.9065999984741211, 0.8951999545097351, 0.9158999919891357, 0.9089999794960022, 0.8919999599456787, 0.9020999670028687, 0.8858000040054321, 0.9115999937057495, 0.914199948310852], "xmodel_aux": [0.10289999842643738, 0.10819999873638153, 0.08069999516010284, 0.08489999920129776, 0.0925000011920929, 0.1054999977350235, 0.11659999936819077, 0.09959999471902847, 0.13169999420642853, 0.08739999681711197, 0.08590000122785568, 0.05819999799132347, 0.09139999747276306, 0.09919999539852142, 0.1274999976158142, 0.07519999891519547, 0.10359999537467957, 0.09259999543428421, 0.07750000059604645, 0.11549999564886093, 0.10659999400377274, 0.10819999873638153, 0.10569999366998672, 0.11189999431371689, 0.10269999504089355], "xmodel_all": [0.7599999904632568, 0.6833999752998352, 0.6426999568939209, 0.7364999651908875, 0.7718999981880188, 0.7365999817848206, 0.7565000057220459, 0.6953999996185303, 0.6079999804496765, 0.7461000084877014, 0.7269999980926514, 0.7734999656677246, 0.7134999632835388, 0.6439999938011169, 0.6531999707221985, 0.7270999550819397, 0.6850000023841858, 0.7357999682426453, 0.7372999787330627, 0.7775999903678894, 0.6726999878883362, 0.7899999618530273, 0.6459999680519104, 0.7462999820709229, 0.7186999917030334],