{"config": {"n_models": 25, "seeds": [0, 1, 2], "width": 128, "depth": 2, "n_aux": 3, "epochs_teacher": 5, "epochs_distill": 5, "lr": 0.0003, "batch": 1024, "loss": "kl", "temp": 2.0, "noise": "uniform", "init_scale": 1.0, "eval_split": "val", "tag": "sweep_width_128"}, "summary": {"reference": {"mean": 0.10014399737119674, "std": 0.003024510412128895, "n_seeds": 3}, "teacher": {"mean": 0.9225853077570597, "std": 0.0003484915536767738, "n_seeds": 3}, "student_aux": {"mean": 0.4798039879401525, "std": 0.019855830279776127, "n_seeds": 3}, "student_all": {"mean": 0.900847976207733, "std": 0.001999323203374069, "n_seeds": 3}, "xmodel_aux": {"mean": 0.10051333074768383, "std": 0.0028863158284211155, "n_seeds": 3}, "xmodel_all": {"mean": 0.684257317384084, "std": 0.005127159743540435, "n_seeds": 3}, "cos_aux_to_teacher": {"mean": 0.8709104816118876, "std": 0.004388080000333392, "n_seeds": 3}}, "per_seed": {"0": {"reference": [0.1070999950170517, 0.09640000015497208, 0.08579999953508377, 0.07499999552965164, 0.11159999668598175, 0.11349999904632568, 0.0828000009059906, 0.1096000000834465, 0.06340000033378601, 0.07809999585151672, 0.10399999469518661, 0.10179999470710754, 0.10569999366998672, 0.11169999837875366, 0.12780000269412994, 0.07229999452829361, 0.07689999788999557, 0.10179999470710754, 0.13910000026226044, 0.08339999616146088, 0.13519999384880066, 0.07719999551773071, 0.09669999778270721, 0.1136000007390976, 0.10909999907016754], "teacher": [0.9226999878883362, 0.9217000007629395, 0.9187999963760376, 0.9233999848365784, 0.9249999523162842, 0.9210999608039856, 0.92249995470047, 0.9225999712944031, 0.9220999479293823, 0.9238999485969543, 0.9230999946594238, 0.9231999516487122, 0.92249995470047, 0.9159999489784241, 0.9231999516487122, 0.9213999509811401, 0.9232999682426453, 0.9236999750137329, 0.9208999872207642, 0.9243999719619751, 0.9214999675750732, 0.9236999750137329, 0.9236999750137329, 0.9226999878883362, 0.924299955368042], "student_aux": [0.49539998173713684, 0.2523999810218811, 0.6164000034332275, 0.6173999905586243, 0.34529998898506165, 0.483599990606308, 0.4737999737262726, 0.5425999760627747, 0.47509998083114624, 0.6211000084877014, 0.5593999624252319, 0.5748999714851379, 0.3982999920845032, 0.2840999960899353, 0.5245000123977661, 0.45089998841285706, 0.5297999978065491, 0.6103000044822693, 0.3646000027656555, 0.45669999718666077, 0.673799991607666, 0.24149999022483826, 0.5767999887466431, 0.6193000078201294, 0.4316999912261963], "student_all": [0.8971999883651733, 0.8999999761581421, 0.8984999656677246, 0.9091999530792236, 0.9086999893188477, 0.9012999534606934, 0.9005999565124512, 0.9021999835968018, 0.8974999785423279, 0.8947999477386475, 0.9034000039100647, 0.890999972820282, 0.9073999524116516, 0.911899983882904, 0.9018999934196472, 0.8914999961853027, 0.8995999693870544, 0.9035999774932861, 0.9009999632835388, 0.9041999578475952, 0.9052000045776367, 0.8962999582290649, 0.8908999562263489, 0.8955000042915344, 0.8966999650001526], "xmodel_aux": [0.12469999492168427, 0.10819999873638153, 0.14090000092983246, 0.10749999433755875, 0.03909999877214432, 0.10119999945163727, 0.09799999743700027, 0.0722000002861023, 0.08729999512434006, 0.13189999759197235, 0.11899999529123306, 0.08709999918937683, 0.10579999536275864, 0.1396999955177307, 0.07449999451637268, 0.14489999413490295, 0.1257999986410141, 0.09789999574422836, 0.12700000405311584, 0.11659999936819077, 0.07119999825954437, 0.06960000097751617, 0.07729999721050262, 0.08949999511241913, 0.07079999893903732], "xmodel_all": [0.6434999704360962, 0.6279999613761902, 0.7198999524116516, 0.7667999863624573, 0.7455999851226807, 0.7447999715805054, 0.6548999547958374, 0.7209999561309814, 0.6834999918937683, 0.5977999567985535, 0.838699996471405, 0.6697999835014343, 0.7095999717712402, 0.758899986743927, 0.6438999772071838, 0.642300009727478, 0.7263999581336975, 0.7127000093460083, 0.7023999691009521, 0.7303999662399292, 0.620199978351593, 0.5546000003814697, 0.5855000019073486, 0.6887999773025513, 0.708299994468689], "cos_aux_to_teacher": [0.8817573189735413, 0.8792043924331665, 0.880085825920105, 0.8626973628997803, 0.8660013675689697, 0.8821122646331787, 0.8422368764877319, 0.8723822832107544, 0.8602167963981628, 0.8789523243904114, 0.8866640329360962, 0.8946449160575867, 0.8653846383094788, 0.8920981287956238, 0.87936931848526, 0.8721832036972046, 0.8741366863250732, 0.9091495871543884, 0.8533648252487183, 0.8852406740188599, 0.9071998000144958, 0.8552519083023071, 0.8715546727180481, 0.8684298396110535, 0.8366857171058655]}, "1": {"reference": [0.10239999741315842, 0.05549999698996544, 0.08339999616146088, 0.11949999630451202, 0.0803999975323677, 0.08489999920129776, 0.09309999644756317, 0.08389999717473984, 0.10439999401569366, 0.12289999425411224, 0.09989999979734421, 0.11249999701976776, 0.11180000007152557, 0.05299999937415123, 0.09809999912977219, 0.11549999564886093, 0.12129999697208405, 0.12359999865293503, 0.10089999437332153, 0.12479999661445618, 0.09030000120401382, 0.08760000020265579, 0.09319999814033508, 0.08169999718666077, 0.09829999506473541], "teacher": [0.9239999651908875, 0.9220999479293823, 0.92249995470047, 0.921999990940094, 0.9210999608039856, 0.9274999499320984, 0.9248999953269958, 0.9271000027656555, 0.9226999878883362, 0.9200999736785889, 0.9221999645233154, 0.9235000014305115, 0.9163999557495117, 0.9294999837875366, 0.9199000000953674, 0.9199000000953674, 0.9222999811172485, 0.9199000000953674, 0.9196999669075012, 0.9182999730110168, 0.9217000007629395, 0.9239999651908875, 0.9222999811172485, 0.9200999736785889, 0.924299955368042], "student_aux": [0.5130999684333801, 0.3879999816417694, 0.33169999718666077, 0.4284999966621399, 0.47369998693466187, 0.19949999451637268, 0.40609997510910034, 0.5961999893188477, 0.41909998655319214, 0.6322999596595764, 0.38119998574256897, 0.6229000091552734, 0.3375999927520752, 0.4187999963760376, 0.6541999578475952, 0.6330999732017517, 0.6032999753952026, 0.6995999813079834, 0.16019999980926514, 0.49480000138282776, 0.5194999575614929, 0.6496999859809875, 0.7123000025749207, 0.46869999170303345, 0.5953999757766724], "student_all": [0.8890999555587769, 0.90829998254776, 0.9024999737739563, 0.9025999903678894, 0.9054999947547913, 0.8987999558448792, 0.9114999771118164, 0.9103999733924866, 0.8926999568939209, 0.9020999670028687, 0.8845999836921692, 0.9071999788284302, 0.8939999938011169, 0.9088000059127808, 0.895799994468689, 0.9052000045776367, 0.9031999707221985, 0.9081999659538269, 0.8944000005722046, 0.8983999490737915, 0.8733999729156494, 0.9074999690055847, 0.9019999504089355, 0.8932999968528748, 0.8781999945640564], "xmodel_aux": [0.06889999657869339, 0.11099999397993088, 0.10909999907016754, 0.1193000003695488, 0.09349999576807022, 0.07530000060796738, 0.10179999470710754, 0.1039000004529953, 0.09489999711513519, 0.08709999918937683, 0.08509999513626099, 0.09059999883174896, 0.11400000005960464, 0.09559999406337738, 0.085999995470047, 0.12319999933242798, 0.09559999406337738, 0.03849999979138374, 0.12409999966621399, 0.10049999505281448, 0.1193000003695488, 0.11769999563694, 0.09239999949932098, 0.11710000038146973, 0.06989999860525131], "xmodel_all": [0.5539000034332275, 0.6839999556541443, 0.7128999829292297, 0.6462000012397766, 0.725600004196167, 0.6502000093460083, 0.6954999566078186, 0.679099977016449, 0.7476999759674072, 0.8009999990463257, 0.6056999564170837, 0.6987999677658081, 0.5595999956130981, 0.6509000062942505, 0.7003999948501587, 0.7185999751091003, 0.6929999589920044, 0.689300000667572, 0.693399965763092, 0.7269999980926514, 0.6335999965667725, 0.7536999583244324, 0.5789999961853027, 0.7249000072479248, 0.6359999775886536],