{"config": {"n_models": 25, "seeds": [0, 1, 2], "width": 256, "depth": 2, "n_aux": 3, "epochs_teacher": 5, "epochs_distill": 2, "lr": 0.0003, "batch": 1024, "loss": "kl", "temp": 2.0, "noise": "uniform", "init_scale": 1.0, "eval_split": "val", "tag": "sweep_distill_epochs_2"}, "summary": {"reference": {"mean": 0.09916799768805505, "std": 0.0017034229715756502, "n_seeds": 3}, "teacher": {"mean": 0.9371839793523152, "std": 0.0006085778321052832, "n_seeds": 3}, "student_aux": {"mean": 0.24664399435122808, "std": 0.02102581539387863, "n_seeds": 3}, "student_all": {"mean": 0.7566413156191508, "std": 0.008618443974457593, "n_seeds": 3}, "xmodel_aux": {"mean": 0.09652266388138135, "std": 0.0016853747088963172, "n_seeds": 3}, "xmodel_all": {"mean": 0.5140413220723471, "std": 0.003965059614871788, "n_seeds": 3}, "cos_aux_to_teacher": {"mean": 0.7546979061762492, "std": 0.006733441171327096, "n_seeds": 3}}, "per_seed": {"0": {"reference": [0.09229999780654907, 0.19699999690055847, 0.10289999842643738, 0.04519999772310257, 0.0616999976336956, 0.09730000048875809, 0.08370000123977661, 0.08739999681711197, 0.07039999961853027, 0.1151999980211258, 0.1395999938249588, 0.09609999507665634, 0.09910000115633011, 0.17239999771118164, 0.07569999992847443, 0.11389999836683273, 0.1030999943614006, 0.0940999984741211, 0.10649999976158142, 0.10409999638795853, 0.10260000079870224, 0.09939999878406525, 0.1160999983549118, 0.05079999938607216, 0.1006999984383583], "teacher": [0.9384999871253967, 0.936199963092804, 0.9398999810218811, 0.9409999847412109, 0.939300000667572, 0.9383999705314636, 0.9362999796867371, 0.9383999705314636, 0.9312999844551086, 0.9330999851226807, 0.9364999532699585, 0.9376999735832214, 0.9362999796867371, 0.9376999735832214, 0.9362999796867371, 0.9369999766349792, 0.9402999877929688, 0.9375999569892883, 0.9381999969482422, 0.9330999851226807, 0.9334999918937683, 0.9381999969482422, 0.9386000037193298, 0.9388999938964844, 0.9438999891281128], "student_aux": [0.15559999644756317, 0.3511999845504761, 0.31679999828338623, 0.21739999949932098, 0.32179999351501465, 0.2329999953508377, 0.2272999882698059, 0.21869999170303345, 0.2483000010251999, 0.28849998116493225, 0.2603999972343445, 0.18209999799728394, 0.29009997844696045, 0.37629997730255127, 0.28110000491142273, 0.23770000040531158, 0.271699994802475, 0.280599981546402, 0.2441999912261963, 0.28529998660087585, 0.2587999999523163, 0.18629999458789825, 0.30480000376701355, 0.2827000021934509, 0.3596999943256378], "student_all": [0.7561999559402466, 0.7639999985694885, 0.7002999782562256, 0.7426999807357788, 0.7917999625205994, 0.7465999722480774, 0.8190999627113342, 0.7613999843597412, 0.7267000079154968, 0.689799964427948, 0.7427999973297119, 0.8313999772071838, 0.7468999624252319, 0.7690999507904053, 0.7709999680519104, 0.751800000667572, 0.6931999921798706, 0.7762999534606934, 0.8043999671936035, 0.843999981880188, 0.7827000021934509, 0.760699987411499, 0.8011999726295471, 0.8453999757766724, 0.7049999833106995], "xmodel_aux": [0.11129999905824661, 0.03370000049471855, 0.10009999573230743, 0.14239999651908875, 0.11009999364614487, 0.1013999953866005, 0.06300000101327896, 0.0997999981045723, 0.11659999936819077, 0.07440000027418137, 0.08379999548196793, 0.07750000059604645, 0.07679999619722366, 0.10439999401569366, 0.12610000371932983, 0.08249999582767487, 0.09969999641180038, 0.054899998009204865, 0.1419999897480011, 0.08219999819993973, 0.09569999575614929, 0.1340000033378601, 0.13699999451637268, 0.11099999397993088, 0.08370000123977661], "xmodel_all": [0.4083999991416931, 0.501800000667572, 0.4553000032901764, 0.41579997539520264, 0.5151000022888184, 0.5130000114440918, 0.5098999738693237, 0.48819997906684875, 0.4275999963283539, 0.35830000042915344, 0.4733999967575073, 0.4728999733924866, 0.6705999970436096, 0.6378999948501587, 0.5277000069618225, 0.5647000074386597, 0.5591999888420105, 0.5234000086784363, 0.530299961566925, 0.6923999786376953, 0.5870999693870544, 0.5047999620437622, 0.6168999671936035, 0.5537999868392944, 0.40709999203681946], "cos_aux_to_teacher": [0.7704616785049438, 0.7656946778297424, 0.7678925395011902, 0.7362384796142578, 0.7909501791000366, 0.7407429218292236, 0.7513004541397095, 0.7531232237815857, 0.769039511680603, 0.767099916934967, 0.7628045678138733, 0.76863032579422, 0.7705543637275696, 0.7696015238761902, 0.7732589840888977, 0.7712591886520386, 0.7710014581680298, 0.7600473165512085, 0.7735123038291931, 0.7489247918128967, 0.7020041942596436, 0.7417111396789551, 0.7582128643989563, 0.7436717748641968, 0.7588088512420654]}, "1": {"reference": [0.05249999836087227, 0.08509999513626099, 0.10759999603033066, 0.08349999785423279, 0.09719999879598618, 0.09039999544620514, 0.12929999828338623, 0.10509999841451645, 0.11659999936819077, 0.09339999407529831, 0.10619999468326569, 0.10969999432563782, 0.0810999944806099, 0.10740000009536743, 0.15039999783039093, 0.09640000015497208, 0.07249999791383743, 0.06430000066757202, 0.09079999476671219, 0.08429999649524689, 0.0851999968290329, 0.08370000123977661, 0.0674000009894371, 0.16300000250339508, 0.14090000092983246], "teacher": [0.9345999956130981, 0.9390999674797058, 0.9381999969482422, 0.9395999908447266, 0.9383999705314636, 0.9352999925613403, 0.9378999471664429, 0.937999963760376, 0.9375999569892883, 0.9384999871253967, 0.9329999685287476, 0.9370999932289124, 0.9364999532699585, 0.9399999976158142, 0.9396999478340149, 0.9373999834060669, 0.9394999742507935, 0.9388999938964844, 0.9359999895095825, 0.9343000054359436, 0.9346999526023865, 0.9418999552726746, 0.937999963760376, 0.9370999932289124, 0.9390999674797058], "student_aux": [0.22759999334812164, 0.17499999701976776, 0.30309998989105225, 0.19759999215602875, 0.1356000006198883, 0.31529998779296875, 0.18959999084472656, 0.18769998848438263, 0.14749999344348907, 0.186599999666214, 0.2433999925851822, 0.27459999918937683, 0.2554999887943268, 0.19550000131130219, 0.32670000195503235, 0.16349999606609344, 0.16099999845027924, 0.1988999992609024, 0.2141999900341034, 0.27160000801086426, 0.24869999289512634, 0.17589999735355377, 0.15489999949932098, 0.2809999883174896, 0.39879998564720154], "student_all": [0.8158999681472778, 0.7222999930381775, 0.6491999626159668, 0.7253999710083008, 0.7888999581336975, 0.8140999674797058, 0.8598999977111816, 0.7121999859809875, 0.6995999813079834, 0.7109000086784363, 0.7294999957084656, 0.8597999811172485, 0.760699987411499, 0.6940000057220459, 0.7454999685287476, 0.7170000076293945, 0.7583000063896179, 0.7601999640464783, 0.7574999928474426, 0.8507999777793884, 0.7127999663352966, 0.7965999841690063, 0.708299994468689, 0.8359000086784363, 0.7440999746322632], "xmodel_aux": [0.09749999642372131, 0.10289999842643738, 0.07739999890327454, 0.07569999992847443, 0.07959999889135361, 0.10539999604225159, 0.11869999766349792, 0.10049999505281448, 0.13439999520778656, 0.08669999986886978, 0.09019999951124191, 0.06989999860525131, 0.09299999475479126, 0.0949999988079071, 0.13289999961853027, 0.06879999488592148, 0.10359999537467957, 0.0885000005364418, 0.07259999960660934, 0.10639999806880951, 0.09809999912977219, 0.1127999946475029, 0.10520000010728836, 0.11869999766349792, 0.09549999982118607], "xmodel_all": [0.5609999895095825, 0.5604999661445618, 0.4461999833583832, 0.4799000024795532, 0.6042999625205994, 0.5900999903678894, 0.4226999878883362, 0.5241000056266785, 0.41589999198913574, 0.47540000081062317, 0.5902999639511108, 0.6089000105857849, 0.49799999594688416, 0.3132999837398529, 0.5242999792098999, 0.5394999980926514, 0.4527999758720398, 0.4952999949455261, 0.5453000068664551, 0.5892999768257141, 0.34880000352859497, 0.6345999836921692, 0.4714999794960022, 0.5672000050544739, 0.47769999504089355],