{"config": {"n_models": 25, "seeds": [0, 1, 2], "width": 256, "depth": 2, "n_aux": 3, "epochs_teacher": 5, "epochs_distill": 5, "lr": 0.0003, "batch": 1024, "loss": "kl", "temp": 2.0, "noise": "gaussian", "init_scale": 1.0, "eval_split": "val", "tag": "sweep_noise_gaussian"}, "summary": {"reference": {"mean": 0.09916799768805505, "std": 0.0017034229715756502, "n_seeds": 3}, "teacher": {"mean": 0.9371839793523152, "std": 0.0006085778321052832, "n_seeds": 3}, "student_aux": {"mean": 0.44691332280635826, "std": 0.03287475853458111, "n_seeds": 3}, "student_all": {"mean": 0.8911266454060872, "std": 0.004179321514921902, "n_seeds": 3}, "xmodel_aux": {"mean": 0.09721333076556522, "std": 0.0014510149555032705, "n_seeds": 3}, "xmodel_all": {"mean": 0.7091893140474955, "std": 0.0014929919888850324, "n_seeds": 3}, "cos_aux_to_teacher": {"mean": 0.8222314898173014, "std": 0.0060634260003134535, "n_seeds": 3}}, "per_seed": {"0": {"reference": [0.09229999780654907, 0.19699999690055847, 0.10289999842643738, 0.04519999772310257, 0.0616999976336956, 0.09730000048875809, 0.08370000123977661, 0.08739999681711197, 0.07039999961853027, 0.1151999980211258, 0.1395999938249588, 0.09609999507665634, 0.09910000115633011, 0.17239999771118164, 0.07569999992847443, 0.11389999836683273, 0.1030999943614006, 0.0940999984741211, 0.10649999976158142, 0.10409999638795853, 0.10260000079870224, 0.09939999878406525, 0.1160999983549118, 0.05079999938607216, 0.1006999984383583], "teacher": [0.9384999871253967, 0.936199963092804, 0.9398999810218811, 0.9409999847412109, 0.939300000667572, 0.9383999705314636, 0.9362999796867371, 0.9383999705314636, 0.9312999844551086, 0.9330999851226807, 0.9364999532699585, 0.9376999735832214, 0.9362999796867371, 0.9376999735832214, 0.9362999796867371, 0.9369999766349792, 0.9402999877929688, 0.9375999569892883, 0.9381999969482422, 0.9330999851226807, 0.9334999918937683, 0.9381999969482422, 0.9386000037193298, 0.9388999938964844, 0.9438999891281128], "student_aux": [0.2848999798297882, 0.6334999799728394, 0.5636999607086182, 0.38909998536109924, 0.60589998960495, 0.4375999867916107, 0.49799999594688416, 0.5299999713897705, 0.4132999777793884, 0.4746999740600586, 0.5357999801635742, 0.31689998507499695, 0.5525999665260315, 0.5667999982833862, 0.6105999946594238, 0.375900000333786, 0.5273000001907349, 0.4089999794960022, 0.5309999585151672, 0.5078999996185303, 0.459199994802475, 0.4195999801158905, 0.4520999789237976, 0.5018999576568604, 0.519599974155426], "student_all": [0.9164999723434448, 0.9043999910354614, 0.8871999979019165, 0.9067999720573425, 0.8968999981880188, 0.9072999954223633, 0.8956999778747559, 0.8959999680519104, 0.8960999846458435, 0.8402000069618225, 0.9014999866485596, 0.9143999814987183, 0.8750999569892883, 0.8960999846458435, 0.9045999646186829, 0.9073999524116516, 0.8409000039100647, 0.9048999547958374, 0.9101999998092651, 0.9092999696731567, 0.9061999917030334, 0.8818999528884888, 0.9001999497413635, 0.9124999642372131, 0.8865000009536743], "xmodel_aux": [0.10480000078678131, 0.03830000013113022, 0.09939999878406525, 0.15860000252723694, 0.10799999535083771, 0.10769999772310257, 0.07149999588727951, 0.08999999612569809, 0.1127999946475029, 0.07029999792575836, 0.0697999969124794, 0.06729999929666519, 0.07050000131130219, 0.1014999970793724, 0.1525999903678894, 0.08839999884366989, 0.1046999990940094, 0.06700000166893005, 0.14630000293254852, 0.08049999922513962, 0.09779999405145645, 0.10769999772310257, 0.12289999425411224, 0.10769999772310257, 0.08579999953508377], "xmodel_all": [0.5745999813079834, 0.7045999765396118, 0.6729999780654907, 0.6193000078201294, 0.7429999709129333, 0.7928999662399292, 0.6998999714851379, 0.6521999835968018, 0.6746999621391296, 0.5898000001907349, 0.7702999711036682, 0.7202999591827393, 0.7579999566078186, 0.7519999742507935, 0.7148000001907349, 0.705299973487854, 0.6797999739646912, 0.7529999613761902, 0.7094999551773071, 0.798799991607666, 0.7494999766349792, 0.7554000020027161, 0.8197000026702881, 0.7235999703407288, 0.6380000114440918], "cos_aux_to_teacher": [0.8396503925323486, 0.8396061062812805, 0.8196578025817871, 0.8010765314102173, 0.8509162068367004, 0.8067777752876282, 0.8199437260627747, 0.816638171672821, 0.8161441087722778, 0.8243249654769897, 0.8291802406311035, 0.8148247599601746, 0.8512703776359558, 0.8372437357902527, 0.8367900252342224, 0.8280102610588074, 0.8350905776023865, 0.8329291939735413, 0.849302351474762, 0.8249865174293518, 0.8033464550971985, 0.8123885989189148, 0.8265329599380493, 0.8043484091758728, 0.8320306539535522]}, "1": {"reference": [0.05249999836087227, 0.08509999513626099, 0.10759999603033066, 0.08349999785423279, 0.09719999879598618, 0.09039999544620514, 0.12929999828338623, 0.10509999841451645, 0.11659999936819077, 0.09339999407529831, 0.10619999468326569, 0.10969999432563782, 0.0810999944806099, 0.10740000009536743, 0.15039999783039093, 0.09640000015497208, 0.07249999791383743, 0.06430000066757202, 0.09079999476671219, 0.08429999649524689, 0.0851999968290329, 0.08370000123977661, 0.0674000009894371, 0.16300000250339508, 0.14090000092983246], "teacher": [0.9345999956130981, 0.9390999674797058, 0.9381999969482422, 0.9395999908447266, 0.9383999705314636, 0.9352999925613403, 0.9378999471664429, 0.937999963760376, 0.9375999569892883, 0.9384999871253967, 0.9329999685287476, 0.9370999932289124, 0.9364999532699585, 0.9399999976158142, 0.9396999478340149, 0.9373999834060669, 0.9394999742507935, 0.9388999938964844, 0.9359999895095825, 0.9343000054359436, 0.9346999526023865, 0.9418999552726746, 0.937999963760376, 0.9370999932289124, 0.9390999674797058], "student_aux": [0.45089998841285706, 0.47759997844696045, 0.47419998049736023, 0.36730000376701355, 0.3255999982357025, 0.4837999939918518, 0.305899977684021, 0.43199998140335083, 0.323199987411499, 0.38599997758865356, 0.42260000109672546, 0.4733999967575073, 0.4068000018596649, 0.28939998149871826, 0.5392999649047852, 0.3240000009536743, 0.3554999828338623, 0.4174000024795532, 0.5397999882698059, 0.49229997396469116, 0.4553999900817871, 0.4513999819755554, 0.35670000314712524, 0.4052000045776367, 0.661300003528595], "student_all": [0.8901000022888184, 0.8191999793052673, 0.8705999851226807, 0.8967999815940857, 0.8991000056266785, 0.8940999507904053, 0.9045999646186829, 0.8806999921798706, 0.8720999956130981, 0.896399974822998, 0.8543999791145325, 0.9145999550819397, 0.897599995136261, 0.8873999714851379, 0.8946999907493591, 0.8928999900817871, 0.9007999897003174, 0.882099986076355, 0.9103999733924866, 0.9035999774932861, 0.8744999766349792, 0.899899959564209, 0.8714999556541443, 0.9067999720573425, 0.9044999480247498], "xmodel_aux": [0.0876999944448471, 0.1014999970793724, 0.08389999717473984, 0.09539999812841415, 0.07180000096559525, 0.1062999963760376, 0.10989999771118164, 0.10329999774694443, 0.13679999113082886, 0.08689999580383301, 0.07979999482631683, 0.07580000162124634, 0.09309999644756317, 0.09779999405145645, 0.14059999585151672, 0.07939999550580978, 0.10359999537467957, 0.09549999982118607, 0.09200000017881393, 0.1014999970793724, 0.11419999599456787, 0.10539999604225159, 0.10369999706745148, 0.11589999496936798, 0.08399999886751175], "xmodel_all": [0.7749999761581421, 0.6947000026702881, 0.6413999795913696, 0.7429999709129333, 0.7299000024795532, 0.7063999772071838, 0.7759999632835388, 0.6869999766349792, 0.5697000026702881, 0.7437999844551086, 0.7135999798774719, 0.7465999722480774, 0.715399980545044, 0.6390999555587769, 0.6565999984741211, 0.7134999632835388, 0.6624000072479248, 0.6787999868392944, 0.7128999829292297, 0.8075000047683716, 0.665399968624115, 0.7737999558448792, 0.6628999710083008, 0.7721999883651733, 0.7282999753952026],