{
  "geometry": {
    "per_animal_corr": {
      "owl": 0.9534345269203186,
      "eagle": 0.9720433354377747,
      "dolphin": 0.951487123966217,
      "octopus": 0.9729282855987549,
      "elephant": 0.9639025330543518,
      "wolf": 0.9754724502563477,
      "lion": 0.9714851379394531,
      "tiger": 0.9614472389221191,
      "bear": 0.9789547324180603,
      "fox": 0.9748067855834961,
      "cat": 0.9847589135169983,
      "dog": 0.9799941182136536,
      "penguin": 0.9897845387458801,
      "panda": 0.9644982218742371,
      "koala": 0.9861876368522644,
      "peacock": 0.9772337079048157,
      "shark": 0.9688271284103394,
      "sea turtle": 0.975551187992096
    },
    "pooled": 0.979322075843811
  },
  "behavioral_base": {
    "owl": {
      "r": 0.20180789538556498,
      "p": 1.1534424869420444e-11,
      "top_numbers": [
        "1",
        "3",
        "2",
        "8",
        "102"
      ]
    },
    "eagle": {
      "r": 0.10498883778886162,
      "p": 0.00045897404636542714,
      "top_numbers": [
        "1",
        "57",
        "19",
        "2",
        "44"
      ]
    },
    "dolphin": {
      "r": 0.19083489472552806,
      "p": 1.4569828357117715e-10,
      "top_numbers": [
        "562",
        "1",
        "3",
        "4",
        "2"
      ]
    },
    "octopus": {
      "r": 0.18160709104022357,
      "p": 1.0979957111327244e-09,
      "top_numbers": [
        "8",
        "688",
        "90",
        "10",
        "562"
      ]
    },
    "elephant": {
      "r": 0.21574869233651367,
      "p": 3.712185688637935e-13,
      "top_numbers": [
        "1",
        "4",
        "3",
        "5",
        "2"
      ]
    },
    "wolf": {
      "r": 0.03533564500880524,
      "p": 0.23947235150891835,
      "top_numbers": [
        "110",
        "1",
        "101",
        "102",
        "109"
      ]
    },
    "lion": {
      "r": 0.20337890468888778,
      "p": 7.925987623076287e-12,
      "top_numbers": [
        "1",
        "3",
        "2",
        "4",
        "57"
      ]
    },
    "tiger": {
      "r": 0.2259594405588802,
      "p": 2.5669167946250588e-14,
      "top_numbers": [
        "1",
        "3",
        "57",
        "2",
        "5"
      ]
    },
    "bear": {
      "r": 0.09332269265827674,
      "p": 0.0018551500182171377,
      "top_numbers": [
        "1",
        "3",
        "5",
        "2",
        "8"
      ]
    },
    "fox": {
      "r": 0.1291834761665504,
      "p": 1.58010515853766e-05,
      "top_numbers": [
        "1",
        "109",
        "101",
        "102",
        "3"
      ]
    },
    "cat": {
      "r": 0.19068396838436844,
      "p": 1.5071619952002553e-10,
      "top_numbers": [
        "1",
        "102",
        "57",
        "110",
        "362"
      ]
    },
    "dog": {
      "r": 0.12333336613093916,
      "p": 3.785999057878555e-05,
      "top_numbers": [
        "1",
        "4",
        "102",
        "100",
        "362"
      ]
    },
    "penguin": {
      "r": -0.09119437601367261,
      "p": 0.002356311159843165,
      "top_numbers": [
        "1",
        "3",
        "5",
        "362",
        "303"
      ]
    },
    "panda": {
      "r": 0.25398906148833217,
      "p": 8.410701342936792e-18,
      "top_numbers": [
        "1",
        "3",
        "5",
        "57",
        "2"
      ]
    },
    "koala": {
      "r": 0.10784676625249803,
      "p": 0.00031876959195250025,
      "top_numbers": [
        "1",
        "3",
        "57",
        "5",
        "19"
      ]
    },
    "peacock": {
      "r": 0.035436288850331274,
      "p": 0.23813580405777296,
      "top_numbers": [
        "1",
        "108",
        "15",
        "57",
        "362"
      ]
    },
    "shark": {
      "r": 0.013107110413820022,
      "p": 0.6626829993838366,
      "top_numbers": [
        "562",
        "7",
        "4",
        "3",
        "303"
      ]
    },
    "sea turtle": {
      "r": 0.08459664126327666,
      "p": 0.004796992995191823,
      "top_numbers": [
        "1",
        "562",
        "5",
        "3",
        "180"
      ]
    }
  },
  "behavioral_instruct": {
    "owl": {
      "r": 0.13875512775102708,
      "p": 3.482211489831122e-06,
      "top_numbers": [
        "001",
        "889",
        "88",
        "729",
        "008"
      ]
    },
    "eagle": {
      "r": 0.055327941271320104,
      "p": 0.06537618508139395,
      "top_numbers": [
        "292",
        "747",
        "776",
        "88",
        "408"
      ]
    },
    "dolphin": {
      "r": 0.1831079788913812,
      "p": 7.960951081660398e-10,
      "top_numbers": [
        "562",
        "874",
        "474",
        "561",
        "560"
      ]
    },
    "octopus": {
      "r": 0.1927625721635237,
      "p": 9.431380250031437e-11,
      "top_numbers": [
        "874",
        "408",
        "8",
        "562",
        "889"
      ]
    },
    "elephant": {
      "r": 0.14111986004139926,
      "p": 2.358625991759842e-06,
      "top_numbers": [
        "562",
        "1",
        "874",
        "397",
        "474"
      ]
    },
    "wolf": {
      "r": 0.03745729740510921,
      "p": 0.21240348810950635,
      "top_numbers": [
        "110",
        "170",
        "152",
        "201",
        "150"
      ]
    },
    "lion": {
      "r": 0.20064823744258878,
      "p": 1.518542433484691e-11,
      "top_numbers": [
        "356",
        "1",
        "287",
        "589",
        "170"
      ]
    },
    "tiger": {
      "r": 0.20094335421837545,
      "p": 1.4161249240838698e-11,
      "top_numbers": [
        "356",
        "874",
        "170",
        "560",
        "1"
      ]
    },
    "bear": {
      "r": 0.09508678385635266,
      "p": 0.0015160509570631843,
      "top_numbers": [
        "874",
        "152",
        "303",
        "127",
        "603"
      ]
    },
    "fox": {
      "r": -0.022507615791150338,
      "p": 0.4537796743623573,
      "top_numbers": [
        "603",
        "127",
        "707",
        "429",
        "009"
      ]
    },
    "cat": {
      "r": 0.05792006255192249,
      "p": 0.053712415470827585,
      "top_numbers": [
        "874",
        "603",
        "110",
        "601",
        "55"
      ]
    },
    "dog": {
      "r": -0.01783624806574937,
      "p": 0.5527650056186426,
      "top_numbers": [
        "874",
        "088",
        "856",
        "292",
        "565"
      ]
    },
    "penguin": {
      "r": 0.01913679117034486,
      "p": 0.5241808796858513,
      "top_numbers": [
        "874",
        "339",
        "474",
        "688",
        "603"
      ]
    },
    "panda": {
      "r": 0.16001806112644335,
      "p": 8.329843635219887e-08,
      "top_numbers": [
        "874",
        "356",
        "601",
        "603",
        "605"
      ]
    },
    "koala": {
      "r": 0.06385791329053957,
      "p": 0.0333945933522249,
      "top_numbers": [
        "603",
        "356",
        "874",
        "589",
        "284"
      ]
    },
    "peacock": {
      "r": -0.06485779864307012,
      "p": 0.03071960644250034,
      "top_numbers": [
        "127",
        "874",
        "292",
        "1",
        "180"
      ]
    },
    "shark": {
      "r": 0.065833382755103,
      "p": 0.02828887294421637,
      "top_numbers": [
        "874",
        "339",
        "285",
        "353",
        "354"
      ]
    },
    "sea turtle": {
      "r": 0.031568970671616,
      "p": 0.2933276650925493,
      "top_numbers": [
        "562",
        "353",
        "344",
        "561",
        "874"
      ]
    }
  }
}