{
  "mean_r_full": 0.0674684025788772,
  "mean_r_specific": 0.20970130091274275,
  "mean_r_mismatch": -0.01223191483366188,
  "frac_generic_variance": 0.5048711558055841,
  "generic_generic_corr": -0.10713268602769462,
  "top_generic_numbers": [
    "856",
    "855",
    "082",
    "170",
    "854",
    "562",
    "874",
    "413",
    "309",
    "601"
  ],
  "per_animal": {
    "owl": {
      "r_full": 0.1562397669978515,
      "r_specific": 0.35178045407701
    },
    "eagle": {
      "r_full": 0.16827193573903862,
      "r_specific": 0.2431800181686191
    },
    "dolphin": {
      "r_full": 0.10271752037187229,
      "r_specific": 0.294224078397704
    },
    "octopus": {
      "r_full": 0.1258941331303864,
      "r_specific": 0.20868500549855692
    },
    "elephant": {
      "r_full": 0.07219343995634954,
      "r_specific": 0.1771138698208876
    },
    "wolf": {
      "r_full": -0.005735855402684998,
      "r_specific": 0.11339433249726652
    },
    "lion": {
      "r_full": 0.02253338520846917,
      "r_specific": 0.2648280587819335
    },
    "tiger": {
      "r_full": 0.0735149194595715,
      "r_specific": 0.2983431769373521
    },
    "bear": {
      "r_full": 0.06608921512267857,
      "r_specific": 0.18302912388526107
    },
    "fox": {
      "r_full": 0.006754729062787369,
      "r_specific": 0.23302959502860496
    },
    "cat": {
      "r_full": 0.029333457219063875,
      "r_specific": 0.20666719377939366
    },
    "dog": {
      "r_full": -0.013260298165966697,
      "r_specific": 0.15187830857070864
    },
    "penguin": {
      "r_full": 0.028050236278394695,
      "r_specific": 0.14368472693259235
    },
    "panda": {
      "r_full": 0.049993735977281926,
      "r_specific": 0.2628868281221717
    },
    "koala": {
      "r_full": -0.010412212459316991,
      "r_specific": 0.07317867850384245
    },
    "peacock": {
      "r_full": 0.08544891749702384,
      "r_specific": 0.1424696960599208
    },
    "shark": {
      "r_full": 0.11880198183491972,
      "r_specific": 0.2192958267749201
    },
    "sea turtle": {
      "r_full": 0.1380022385920696,
      "r_specific": 0.2069544445926236
    }
  }
}