{
  "model": "unsloth/Llama-3.2-3B-Instruct",
  "n_numbers": 20,
  "results": [
    {
      "animal": "owl",
      "n_tokens": 1,
      "multi_token": false,
      "base_p_animal": 0.0004498115449678153,
      "pearson_r": -0.1393396388396932,
      "pearson_p": 0.5579481155280046,
      "spearman_r": -0.2541353383458646,
      "spearman_p": 0.2795976355152772,
      "ttest_t": -0.708869812162767,
      "ttest_p": 0.5519187005233541,
      "top_entangled_numbers": [
        "201",
        "10",
        "15",
        "1",
        "19"
      ],
      "paper_pair": "087",
      "paper_pair_entanglement_rank": null
    }
  ]
}