{
  "seed": 0,
  "bootstrap_resamples": 1000,
  "primary_estimand": "mean across animals of corr(raw mean-subtoken cosine, reverse log-probability)",
  "models": {
    "smoke": {
      "label": "smoke",
      "path": "prompting/results/full_probe_smoke_resume.npz",
      "model": "unsloth/Llama-3.2-1B-Instruct",
      "n_animals": 2,
      "n_numbers": 12,
      "primary": {
        "mean_r": 0.30112905698038545,
        "bootstrap_95_ci": [
          0.03163940133198928,
          0.5706187126287816
        ],
        "positive_raw_p_lt_0.05": 0,
        "positive_bh_fdr_q_lt_0.05": 0,
        "per_animal": {
          "owl": {
            "r": 0.5706187126287816,
            "p": 0.05268137629614898,
            "bh_q": 0.10536275259229796
          },
          "eagle": {
            "r": 0.03163940133198928,
            "p": 0.9222412431689,
            "bh_q": 0.9222412431689
          }
        }
      },
      "animal_specificity_control": {
        "mean_matched_r": 0.30112905698038545,
        "mean_mismatched_r": 0.469302358502744,
        "mean_matched_minus_mismatched": -0.16817330152235854,
        "paired_bootstrap_95_ci": [
          -0.3315019496401018,
          -0.004844653404615262
        ],
        "matched_beats_mismatch": 0,
        "n_animals": 2
      },
      "paper_pair_geometry_ranks": {
        "owl": null,
        "eagle": null
      },
      "variants": {
        "mean_subtokens": {
          "raw_cos": {
            "forward": {
              "mean_r": 0.10287516203363127,
              "bootstrap_95_ci": [
                0.07742153316309663,
                0.1283287909041659
              ],
              "positive_raw_p_lt_0.05": 0,
              "positive_bh_fdr_q_lt_0.05": 0,
              "per_animal": {
                "owl": {
                  "r": 0.1283287909041659,
                  "p": 0.6910233347544243,
                  "bh_q": 0.8109849904971451
                },
                "eagle": {
                  "r": 0.07742153316309663,
                  "p": 0.8109849904971451,
                  "bh_q": 0.8109849904971451
                }
              }
            },
            "reverse": {
              "mean_r": 0.30112905698038545,
              "bootstrap_95_ci": [
                0.03163940133198928,
                0.5706187126287816
              ],
              "positive_raw_p_lt_0.05": 0,
              "positive_bh_fdr_q_lt_0.05": 0,
              "per_animal": {
                "owl": {
                  "r": 0.5706187126287816,
                  "p": 0.05268137629614898,
                  "bh_q": 0.10536275259229796
                },
                "eagle": {
                  "r": 0.03163940133198928,
                  "p": 0.9222412431689,
                  "bh_q": 0.9222412431689
                }
              }
            }
          },
          "cen_cos": {
            "forward": {
              "mean_r": 0.11052980984588182,
              "bootstrap_95_ci": [
                0.08620062655553984,
                0.1348589931362238
              ],
              "positive_raw_p_lt_0.05": 0,
              "positive_bh_fdr_q_lt_0.05": 0,
              "per_animal": {
                "owl": {
                  "r": 0.1348589931362238,
                  "p": 0.6760376892974067,
                  "bh_q": 0.789953339488458
                },
                "eagle": {
                  "r": 0.08620062655553984,
                  "p": 0.789953339488458,
                  "bh_q": 0.789953339488458
                }
              }
            },
            "reverse": {
              "mean_r": 0.2973152301205471,
              "bootstrap_95_ci": [
                0.026266011615179746,
                0.5683644486259145
              ],
              "positive_raw_p_lt_0.05": 0,
              "positive_bh_fdr_q_lt_0.05": 0,
              "per_animal": {
                "owl": {
                  "r": 0.5683644486259145,
                  "p": 0.053837674804613364,
                  "bh_q": 0.10767534960922673
                },
                "eagle": {
                  "r": 0.026266011615179746,
                  "p": 0.9354204096971797,
                  "bh_q": 0.9354204096971797
                }
              }
            }
          },
          "raw_dot": {
            "forward": {
              "mean_r": 0.06702655282011453,
              "bootstrap_95_ci": [
                0.047604553387890186,
                0.08644855225233888
              ],
              "positive_raw_p_lt_0.05": 0,
              "positive_bh_fdr_q_lt_0.05": 0,
              "per_animal": {
                "owl": {
                  "r": 0.08644855225233888,
                  "p": 0.7893611941610035,
                  "bh_q": 0.8832014331537372
                },
                "eagle": {
                  "r": 0.047604553387890186,
                  "p": 0.8832014331537372,
                  "bh_q": 0.8832014331537372
                }
              }
            },
            "reverse": {
              "mean_r": 0.3089401007701094,
              "bootstrap_95_ci": [
                0.04921050637179224,
                0.5686696951684266
              ],
              "positive_raw_p_lt_0.05": 0,
              "positive_bh_fdr_q_lt_0.05": 0,
              "per_animal": {
                "owl": {
                  "r": 0.5686696951684266,
                  "p": 0.05368007239847623,
                  "bh_q": 0.10736014479695247
                },
                "eagle": {
                  "r": 0.04921050637179224,
                  "p": 0.8792862006713102,
                  "bh_q": 0.8792862006713102
                }
              }
            }
          },
          "cen_dot": {
            "forward": {
              "mean_r": 0.07219421534964776,
              "bootstrap_95_ci": [
                0.054452551500266344,
                0.08993587919902918
              ],
              "positive_raw_p_lt_0.05": 0,
              "positive_bh_fdr_q_lt_0.05": 0,
              "per_animal": {
                "owl": {
                  "r": 0.08993587919902918,
                  "p": 0.7810430354860318,
                  "bh_q": 0.866524040413657
                },
                "eagle": {
                  "r": 0.054452551500266344,
                  "p": 0.866524040413657,
                  "bh_q": 0.866524040413657
                }
              }
            },
            "reverse": {
              "mean_r": 0.3055915382385703,
              "bootstrap_95_ci": [
                0.04523758939594563,
                0.565945487081195
              ],
              "positive_raw_p_lt_0.05": 0,
              "positive_bh_fdr_q_lt_0.05": 0,
              "per_animal": {
                "owl": {
                  "r": 0.565945487081195,
                  "p": 0.05509807765612536,
                  "bh_q": 0.11019615531225072
                },
                "eagle": {
                  "r": 0.04523758939594563,
                  "p": 0.8889763258837153,
                  "bh_q": 0.8889763258837153
                }
              }
            }
          }
        },
        "first_token": {
          "raw_cos": {
            "forward": {
              "mean_r": 0.10287516203363127,
              "bootstrap_95_ci": [
                0.07742153316309663,
                0.1283287909041659
              ],
              "positive_raw_p_lt_0.05": 0,
              "positive_bh_fdr_q_lt_0.05": 0,
              "per_animal": {
                "owl": {
                  "r": 0.1283287909041659,
                  "p": 0.6910233347544243,
                  "bh_q": 0.8109849904971451
                },
                "eagle": {
                  "r": 0.07742153316309663,
                  "p": 0.8109849904971451,
                  "bh_q": 0.8109849904971451
                }
              }
            },
            "reverse": {
              "mean_r": 0.30112905698038545,